Images\Abandon_Btn_Outline1.png	Images\포기_Btn_Outline1.png
Images\Abandon_Btn_Outline2.png	Images\포기_Btn_Outline2.png
Images\Absolutely Nothing.png	Images\아무것도 없음.png
Images\Acid.png	Images\산.png
Images\Airlock.png	Images\에어록.png
Images\Alien_Stargazer.png	Images\외계_Stargazer.png
Images\Alien_VortexCube.png	Images\외계_VortexCube.png
Images\Ancient Road.png	Images\고대 도로.png
Images\Ancient Street.png	Images\고대 거리.png
Images\Armors\Icon_Armor_New_1.png	Images\Armors\Icon_장갑_New_1.png
Images\Armors\Icon_Armor_New_10.png	Images\Armors\Icon_장갑_New_10.png
Images\Armors\Icon_Armor_New_11.png	Images\Armors\Icon_장갑_New_11.png
Images\Armors\Icon_Armor_New_12.png	Images\Armors\Icon_장갑_New_12.png
Images\Armors\Icon_Armor_New_13.png	Images\Armors\Icon_장갑_New_13.png
Images\Armors\Icon_Armor_New_2.png	Images\Armors\Icon_장갑_New_2.png
Images\Armors\Icon_Armor_New_3.png	Images\Armors\Icon_장갑_New_3.png
Images\Armors\Icon_Armor_New_4.png	Images\Armors\Icon_장갑_New_4.png
Images\Armors\Icon_Armor_New_5.png	Images\Armors\Icon_장갑_New_5.png
Images\Armors\Icon_Armor_New_6.png	Images\Armors\Icon_장갑_New_6.png
Images\Armors\Icon_Armor_New_7.png	Images\Armors\Icon_장갑_New_7.png
Images\Armors\Icon_Armor_New_8.png	Images\Armors\Icon_장갑_New_8.png
Images\Armors\Icon_Armor_New_9.png	Images\Armors\Icon_장갑_New_9.png
Images\Art.png	Images\미술품.png
Images\Art\Art_1.png	Images\Art\미술품_1.png
Images\Art\Art_10.png	Images\Art\미술품_10.png
Images\Art\Art_11.png	Images\Art\미술품_11.png
Images\Art\Art_12.png	Images\Art\미술품_12.png
Images\Art\Art_13.png	Images\Art\미술품_13.png
Images\Art\Art_14.png	Images\Art\미술품_14.png
Images\Art\Art_15.png	Images\Art\미술품_15.png
Images\Art\Art_16.png	Images\Art\미술품_16.png
Images\Art\Art_17.png	Images\Art\미술품_17.png
Images\Art\Art_18.png	Images\Art\미술품_18.png
Images\Art\Art_19.png	Images\Art\미술품_19.png
Images\Art\Art_2.png	Images\Art\미술품_2.png
Images\Art\Art_20.png	Images\Art\미술품_20.png
Images\Art\Art_21.png	Images\Art\미술품_21.png
Images\Art\Art_22.png	Images\Art\미술품_22.png
Images\Art\Art_23.png	Images\Art\미술품_23.png
Images\Art\Art_24.png	Images\Art\미술품_24.png
Images\Art\Art_25.png	Images\Art\미술품_25.png
Images\Art\Art_26.png	Images\Art\미술품_26.png
Images\Art\Art_27.png	Images\Art\미술품_27.png
Images\Art\Art_28.png	Images\Art\미술품_28.png
Images\Art\Art_29.png	Images\Art\미술품_29.png
Images\Art\Art_3.png	Images\Art\미술품_3.png
Images\Art\Art_30.png	Images\Art\미술품_30.png
Images\Art\Art_31.png	Images\Art\미술품_31.png
Images\Art\Art_32.png	Images\Art\미술품_32.png
Images\Art\Art_33.png	Images\Art\미술품_33.png
Images\Art\Art_34.png	Images\Art\미술품_34.png
Images\Art\Art_35.png	Images\Art\미술품_35.png
Images\Art\Art_36.png	Images\Art\미술품_36.png
Images\Art\Art_37.png	Images\Art\미술품_37.png
Images\Art\Art_38.png	Images\Art\미술품_38.png
Images\Art\Art_39.png	Images\Art\미술품_39.png
Images\Art\Art_4.png	Images\Art\미술품_4.png
Images\Art\Art_40.png	Images\Art\미술품_40.png
Images\Art\Art_41.png	Images\Art\미술품_41.png
Images\Art\Art_42.png	Images\Art\미술품_42.png
Images\Art\Art_43.png	Images\Art\미술품_43.png
Images\Art\Art_44.png	Images\Art\미술품_44.png
Images\Art\Art_45.png	Images\Art\미술품_45.png
Images\Art\Art_46.png	Images\Art\미술품_46.png
Images\Art\Art_47.png	Images\Art\미술품_47.png
Images\Art\Art_48.png	Images\Art\미술품_48.png
Images\Art\Art_49.png	Images\Art\미술품_49.png
Images\Art\Art_5.png	Images\Art\미술품_5.png
Images\Art\Art_50.png	Images\Art\미술품_50.png
Images\Art\Art_51.png	Images\Art\미술품_51.png
Images\Art\Art_52.png	Images\Art\미술품_52.png
Images\Art\Art_53.png	Images\Art\미술품_53.png
Images\Art\Art_54.png	Images\Art\미술품_54.png
Images\Art\Art_55.png	Images\Art\미술품_55.png
Images\Art\Art_56.png	Images\Art\미술품_56.png
Images\Art\Art_57.png	Images\Art\미술품_57.png
Images\Art\Art_58.png	Images\Art\미술품_58.png
Images\Art\Art_59.png	Images\Art\미술품_59.png
Images\Art\Art_6.png	Images\Art\미술품_6.png
Images\Art\Art_60.png	Images\Art\미술품_60.png
Images\Art\Art_61.png	Images\Art\미술품_61.png
Images\Art\Art_62.png	Images\Art\미술품_62.png
Images\Art\Art_63.png	Images\Art\미술품_63.png
Images\Art\Art_64.png	Images\Art\미술품_64.png
Images\Art\Art_65.png	Images\Art\미술품_65.png
Images\Art\Art_66.png	Images\Art\미술품_66.png
Images\Art\Art_67.png	Images\Art\미술품_67.png
Images\Art\Art_68.png	Images\Art\미술품_68.png
Images\Art\Art_69.png	Images\Art\미술품_69.png
Images\Art\Art_7.png	Images\Art\미술품_7.png
Images\Art\Art_70.png	Images\Art\미술품_70.png
Images\Art\Art_71.png	Images\Art\미술품_71.png
Images\Art\Art_72.png	Images\Art\미술품_72.png
Images\Art\Art_73.png	Images\Art\미술품_73.png
Images\Art\Art_74.png	Images\Art\미술품_74.png
Images\Art\Art_75.png	Images\Art\미술품_75.png
Images\Art\Art_76.png	Images\Art\미술품_76.png
Images\Art\Art_77.png	Images\Art\미술품_77.png
Images\Art\Art_78.png	Images\Art\미술품_78.png
Images\Art\Art_79.png	Images\Art\미술품_79.png
Images\Art\Art_8.png	Images\Art\미술품_8.png
Images\Art\Art_80.png	Images\Art\미술품_80.png
Images\Art\Art_81.png	Images\Art\미술품_81.png
Images\Art\Art_82.png	Images\Art\미술품_82.png
Images\Art\Art_83.png	Images\Art\미술품_83.png
Images\Art\Art_84.png	Images\Art\미술품_84.png
Images\Art\Art_85.png	Images\Art\미술품_85.png
Images\Art\Art_86.png	Images\Art\미술품_86.png
Images\Art\Art_87.png	Images\Art\미술품_87.png
Images\Art\Art_Frame00.png	Images\Art\미술품_Frame00.png
Images\Art\Art_Frame01.png	Images\Art\미술품_Frame01.png
Images\Art\art_9.png	Images\Art\미술품_9.png
Images\Art_Frame01.png	Images\미술품_Frame01.png
Images\Ashes.png	Images\잿더미.png
Images\Assault Scout.png	Images\강습 정찰선.png
Images\Asteroid Base.png	Images\소행성 기지.png
Images\Asteroid Belt.png	Images\소행성대.png
Images\Asteroid Miner.png	Images\소행성 채굴선.png
Images\Asteroid Rock.png	Images\소행성 암석.png
Images\Asteroid Wall.png	Images\소행성 벽.png
Images\Asteroid.png	Images\소행성.png
Images\Asteroid_Barren.png	Images\소행성_Barren.png
Images\Asteroid_Bristling.png	Images\소행성_Bristling.png
Images\Asteroid_Empty.png	Images\소행성_Empty.png
Images\Asteroid_Frozen.png	Images\소행성_Frozen.png
Images\Asteroid_Frozen_ORIG.png	Images\소행성_Frozen_ORIG.png
Images\Asteroid_Mysterious.png	Images\소행성_Mysterious.png
Images\Asteroid_Mysterious_OLD.png	Images\소행성_Mysterious_OLD.png
Images\Asteroid_Poisonous.png	Images\소행성_Poisonous.png
Images\Asteroid_RichGold.png	Images\소행성_RichGold.png
Images\Asteroid_RichSilver.png	Images\소행성_RichSilver.png
Images\Asteroid_Unstable.png	Images\소행성_Unstable.png
Images\Asteroid_Unstable2.png	Images\소행성_Unstable2.png
Images\AvatarSprites\Uniforms\Uniform_U001.png	Images\AvatarSprites\Uniforms\균일한_U001.png
Images\AvatarSprites\Uniforms\Uniform_U002.png	Images\AvatarSprites\Uniforms\균일한_U002.png
Images\AvatarSprites\Uniforms\Uniform_U003.png	Images\AvatarSprites\Uniforms\균일한_U003.png
Images\AvatarSprites\Uniforms\Uniform_U004.png	Images\AvatarSprites\Uniforms\균일한_U004.png
Images\AvatarSprites\Uniforms\Uniform_U005.png	Images\AvatarSprites\Uniforms\균일한_U005.png
Images\AvatarSprites\Uniforms\Uniform_U006.png	Images\AvatarSprites\Uniforms\균일한_U006.png
Images\AvatarSprites\Uniforms\Uniform_U007.png	Images\AvatarSprites\Uniforms\균일한_U007.png
Images\AvatarSprites\Uniforms\Uniform_U008.png	Images\AvatarSprites\Uniforms\균일한_U008.png
Images\AvatarSprites\Uniforms\Uniform_U009.png	Images\AvatarSprites\Uniforms\균일한_U009.png
Images\AvatarSprites\Uniforms\Uniform_U010.png	Images\AvatarSprites\Uniforms\균일한_U010.png
Images\AvatarSprites\Uniforms\Uniform_U011.png	Images\AvatarSprites\Uniforms\균일한_U011.png
Images\AvatarSprites\Uniforms\Uniform_U012.png	Images\AvatarSprites\Uniforms\균일한_U012.png
Images\AvatarSprites\Uniforms\Uniform_U013.png	Images\AvatarSprites\Uniforms\균일한_U013.png
Images\AvatarSprites\Uniforms\Uniform_U014.png	Images\AvatarSprites\Uniforms\균일한_U014.png
Images\AvatarSprites\Uniforms\Uniform_U015.png	Images\AvatarSprites\Uniforms\균일한_U015.png
Images\AvatarSprites\Uniforms\Uniform_U016.png	Images\AvatarSprites\Uniforms\균일한_U016.png
Images\AvatarSprites\Uniforms\Uniform_U017.png	Images\AvatarSprites\Uniforms\균일한_U017.png
Images\AvatarSprites\Uniforms\Uniform_U018.png	Images\AvatarSprites\Uniforms\균일한_U018.png
Images\AvatarSprites\Uniforms\Uniform_U019.png	Images\AvatarSprites\Uniforms\균일한_U019.png
Images\AvatarSprites\Uniforms\Uniform_U020.png	Images\AvatarSprites\Uniforms\균일한_U020.png
Images\AvatarSprites\Uniforms\Uniform_U021.png	Images\AvatarSprites\Uniforms\균일한_U021.png
Images\AvatarSprites\Uniforms\Uniform_U022.png	Images\AvatarSprites\Uniforms\균일한_U022.png
Images\AvatarSprites\Uniforms\Uniform_U023.png	Images\AvatarSprites\Uniforms\균일한_U023.png
Images\AvatarSprites\Uniforms\Uniform_U024.png	Images\AvatarSprites\Uniforms\균일한_U024.png
Images\AvatarSprites\Uniforms\Uniform_U025.png	Images\AvatarSprites\Uniforms\균일한_U025.png
Images\AvatarSprites\Uniforms\Uniform_U026.png	Images\AvatarSprites\Uniforms\균일한_U026.png
Images\AvatarSprites\Uniforms\Uniform_U027.png	Images\AvatarSprites\Uniforms\균일한_U027.png
Images\AvatarSprites\Uniforms\Uniform_U028.png	Images\AvatarSprites\Uniforms\균일한_U028.png
Images\AvatarSprites\Uniforms\Uniform_U029.png	Images\AvatarSprites\Uniforms\균일한_U029.png
Images\AvatarSprites\Uniforms\Uniform_U030.png	Images\AvatarSprites\Uniforms\균일한_U030.png
Images\AvatarSprites\Uniforms\Uniform_U031.png	Images\AvatarSprites\Uniforms\균일한_U031.png
Images\AvatarSprites\Uniforms\Uniform_U032.png	Images\AvatarSprites\Uniforms\균일한_U032.png
Images\AvatarSprites\Uniforms\Uniform_U033.png	Images\AvatarSprites\Uniforms\균일한_U033.png
Images\AvatarSprites\Uniforms\Uniform_U034.png	Images\AvatarSprites\Uniforms\균일한_U034.png
Images\AvatarSprites\Uniforms\Uniform_U035.png	Images\AvatarSprites\Uniforms\균일한_U035.png
Images\AvatarSprites\Uniforms\Uniform_U036.png	Images\AvatarSprites\Uniforms\균일한_U036.png
Images\AvatarSprites\Uniforms\Uniform_U037.png	Images\AvatarSprites\Uniforms\균일한_U037.png
Images\AvatarSprites\Uniforms\Uniform_U038.png	Images\AvatarSprites\Uniforms\균일한_U038.png
Images\AvatarSprites\Uniforms\Uniform_U039.png	Images\AvatarSprites\Uniforms\균일한_U039.png
Images\AvatarSprites\Uniforms\Uniform_U040.png	Images\AvatarSprites\Uniforms\균일한_U040.png
Images\AvatarSprites\Uniforms\Uniform_U041.png	Images\AvatarSprites\Uniforms\균일한_U041.png
Images\AvatarSprites\Uniforms\Uniform_U042.png	Images\AvatarSprites\Uniforms\균일한_U042.png
Images\AvatarSprites\Uniforms\Uniform_U043.png	Images\AvatarSprites\Uniforms\균일한_U043.png
Images\AvatarSprites\Uniforms\Uniform_U044.png	Images\AvatarSprites\Uniforms\균일한_U044.png
Images\AvatarSprites\Uniforms\Uniform_U045.png	Images\AvatarSprites\Uniforms\균일한_U045.png
Images\AvatarSprites\Uniforms\Uniform_U046.png	Images\AvatarSprites\Uniforms\균일한_U046.png
Images\AvatarSprites\Uniforms\Uniform_U047.png	Images\AvatarSprites\Uniforms\균일한_U047.png
Images\AvatarSprites\Uniforms\Uniform_U048.png	Images\AvatarSprites\Uniforms\균일한_U048.png
Images\AvatarSprites\Uniforms\Uniform_U049.png	Images\AvatarSprites\Uniforms\균일한_U049.png
Images\AvatarSprites\Uniforms\Uniform_U050.png	Images\AvatarSprites\Uniforms\균일한_U050.png
Images\AvatarSprites\Uniforms\Uniform_U051.png	Images\AvatarSprites\Uniforms\균일한_U051.png
Images\AvatarSprites\Uniforms\Uniform_U052.png	Images\AvatarSprites\Uniforms\균일한_U052.png
Images\AvatarSprites\Uniforms\Uniform_U053.png	Images\AvatarSprites\Uniforms\균일한_U053.png
Images\AvatarSprites\Uniforms\Uniform_U054.png	Images\AvatarSprites\Uniforms\균일한_U054.png
Images\AvatarSprites\Uniforms\Uniform_U055.png	Images\AvatarSprites\Uniforms\균일한_U055.png
Images\AvatarSprites\Uniforms\Uniform_U056.png	Images\AvatarSprites\Uniforms\균일한_U056.png
Images\AvatarSprites\Uniforms\Uniform_U057.png	Images\AvatarSprites\Uniforms\균일한_U057.png
Images\AvatarSprites\Uniforms\Uniform_U058.png	Images\AvatarSprites\Uniforms\균일한_U058.png
Images\AvatarSprites\Uniforms\Uniform_U059.png	Images\AvatarSprites\Uniforms\균일한_U059.png
Images\AvatarSprites\Uniforms\Uniform_U060.png	Images\AvatarSprites\Uniforms\균일한_U060.png
Images\AvatarSprites\Uniforms\Uniform_U061.png	Images\AvatarSprites\Uniforms\균일한_U061.png
Images\AvatarSprites\Uniforms\Uniform_U062.png	Images\AvatarSprites\Uniforms\균일한_U062.png
Images\AvatarSprites\Uniforms\Uniform_U063.png	Images\AvatarSprites\Uniforms\균일한_U063.png
Images\AvatarSprites\Uniforms\Uniform_U064.png	Images\AvatarSprites\Uniforms\균일한_U064.png
Images\AvatarSprites\Uniforms\Uniform_U065.png	Images\AvatarSprites\Uniforms\균일한_U065.png
Images\AvatarSprites\Uniforms\Uniform_U066.png	Images\AvatarSprites\Uniforms\균일한_U066.png
Images\AvatarSprites\Uniforms\Uniform_U067.png	Images\AvatarSprites\Uniforms\균일한_U067.png
Images\AvatarSprites\Uniforms\Uniform_U068.png	Images\AvatarSprites\Uniforms\균일한_U068.png
Images\AvatarSprites\Uniforms\Uniform_U069.png	Images\AvatarSprites\Uniforms\균일한_U069.png
Images\AvatarSprites\Uniforms\Uniform_U070.png	Images\AvatarSprites\Uniforms\균일한_U070.png
Images\AvatarSprites\Uniforms\Uniform_U071.png	Images\AvatarSprites\Uniforms\균일한_U071.png
Images\AvatarSprites\Uniforms\Uniform_U072.png	Images\AvatarSprites\Uniforms\균일한_U072.png
Images\AvatarSprites\Uniforms\Uniform_U073.png	Images\AvatarSprites\Uniforms\균일한_U073.png
Images\AvatarSprites\Uniforms\Uniform_U074.png	Images\AvatarSprites\Uniforms\균일한_U074.png
Images\AvatarSprites\Uniforms\Uniform_U075.png	Images\AvatarSprites\Uniforms\균일한_U075.png
Images\AvatarSprites\Uniforms\Uniform_U076.png	Images\AvatarSprites\Uniforms\균일한_U076.png
Images\AvatarSprites\Uniforms\Uniform_U077.png	Images\AvatarSprites\Uniforms\균일한_U077.png
Images\AvatarSprites\Uniforms\Uniform_U078.png	Images\AvatarSprites\Uniforms\균일한_U078.png
Images\AvatarSprites\Uniforms\Uniform_U079.png	Images\AvatarSprites\Uniforms\균일한_U079.png
Images\AvatarSprites\Uniforms\Uniform_U080.png	Images\AvatarSprites\Uniforms\균일한_U080.png
Images\AvatarSprites\Uniforms\Uniform_U081.png	Images\AvatarSprites\Uniforms\균일한_U081.png
Images\AvatarSprites\Uniforms\Uniform_U082.png	Images\AvatarSprites\Uniforms\균일한_U082.png
Images\AvatarSprites\Uniforms\Uniform_U083.png	Images\AvatarSprites\Uniforms\균일한_U083.png
Images\AvatarSprites\Uniforms\Uniform_U084.png	Images\AvatarSprites\Uniforms\균일한_U084.png
Images\AvatarSprites\Uniforms\Uniform_U085.png	Images\AvatarSprites\Uniforms\균일한_U085.png
Images\AvatarSprites\Uniforms\Uniform_U086.png	Images\AvatarSprites\Uniforms\균일한_U086.png
Images\AvatarSprites\Uniforms\Uniform_U087.png	Images\AvatarSprites\Uniforms\균일한_U087.png
Images\AvatarSprites\Uniforms\Uniform_U088.png	Images\AvatarSprites\Uniforms\균일한_U088.png
Images\AvatarSprites\Uniforms\Uniform_U089.png	Images\AvatarSprites\Uniforms\균일한_U089.png
Images\AvatarSprites\Uniforms\Uniform_U090.png	Images\AvatarSprites\Uniforms\균일한_U090.png
Images\AvatarSprites\Uniforms\Uniform_U091.png	Images\AvatarSprites\Uniforms\균일한_U091.png
Images\AvatarSprites\Uniforms\Uniform_U092.png	Images\AvatarSprites\Uniforms\균일한_U092.png
Images\AvatarSprites\Uniforms\Uniform_U093.png	Images\AvatarSprites\Uniforms\균일한_U093.png
Images\AvatarSprites\Uniforms\Uniform_U094.png	Images\AvatarSprites\Uniforms\균일한_U094.png
Images\AvatarSprites\Uniforms\Uniform_U095.png	Images\AvatarSprites\Uniforms\균일한_U095.png
Images\AvatarSprites\Uniforms\Uniform_U096.png	Images\AvatarSprites\Uniforms\균일한_U096.png
Images\AvatarSprites\Uniforms\Uniform_U097.png	Images\AvatarSprites\Uniforms\균일한_U097.png
Images\AvatarSprites\Uniforms\Uniform_U098.png	Images\AvatarSprites\Uniforms\균일한_U098.png
Images\AvatarSprites\Uniforms\Uniform_U099.png	Images\AvatarSprites\Uniforms\균일한_U099.png
Images\AvatarSprites\Uniforms\Uniform_U100.png	Images\AvatarSprites\Uniforms\균일한_U100.png
Images\AvatarSprites\Uniforms\Uniform_U101.png	Images\AvatarSprites\Uniforms\균일한_U101.png
Images\AvatarSprites\Uniforms\Uniform_U102.png	Images\AvatarSprites\Uniforms\균일한_U102.png
Images\AvatarSprites\Uniforms\Uniform_U103.png	Images\AvatarSprites\Uniforms\균일한_U103.png
Images\AvatarSprites\Uniforms\Uniform_U104.png	Images\AvatarSprites\Uniforms\균일한_U104.png
Images\AvatarSprites\Uniforms\Uniform_U105.png	Images\AvatarSprites\Uniforms\균일한_U105.png
Images\AvatarSprites\Uniforms\Uniform_U106.png	Images\AvatarSprites\Uniforms\균일한_U106.png
Images\AvatarSprites\Uniforms\Uniform_U107.png	Images\AvatarSprites\Uniforms\균일한_U107.png
Images\AvatarSprites\Uniforms\Uniform_U108.png	Images\AvatarSprites\Uniforms\균일한_U108.png
Images\AvatarSprites\Uniforms\Uniform_U109.png	Images\AvatarSprites\Uniforms\균일한_U109.png
Images\AvatarSprites\Uniforms\Uniform_U110.png	Images\AvatarSprites\Uniforms\균일한_U110.png
Images\AvatarSprites\Uniforms\Uniform_U111.png	Images\AvatarSprites\Uniforms\균일한_U111.png
Images\AvatarSprites\Uniforms\Uniform_U112.png	Images\AvatarSprites\Uniforms\균일한_U112.png
Images\AvatarSprites\Uniforms\Uniform_U113.png	Images\AvatarSprites\Uniforms\균일한_U113.png
Images\AvatarSprites\Uniforms\Uniform_U114.png	Images\AvatarSprites\Uniforms\균일한_U114.png
Images\AvatarSprites\Uniforms\Uniform_U115.png	Images\AvatarSprites\Uniforms\균일한_U115.png
Images\AvatarSprites\Uniforms\Uniform_U116.png	Images\AvatarSprites\Uniforms\균일한_U116.png
Images\AvatarSprites\Uniforms\Uniform_U117.png	Images\AvatarSprites\Uniforms\균일한_U117.png
Images\AvatarSprites\Uniforms\Uniform_U118.png	Images\AvatarSprites\Uniforms\균일한_U118.png
Images\AvatarSprites\Uniforms\Uniform_U119.png	Images\AvatarSprites\Uniforms\균일한_U119.png
Images\AvatarSprites\Uniforms\Uniform_U120.png	Images\AvatarSprites\Uniforms\균일한_U120.png
Images\AvatarSprites\Uniforms\Uniform_U121.png	Images\AvatarSprites\Uniforms\균일한_U121.png
Images\AvatarSprites\Uniforms\Uniform_U122.png	Images\AvatarSprites\Uniforms\균일한_U122.png
Images\AvatarSprites\Uniforms\Uniform_U123.png	Images\AvatarSprites\Uniforms\균일한_U123.png
Images\AvatarSprites\Uniforms\Uniform_U124.png	Images\AvatarSprites\Uniforms\균일한_U124.png
Images\AvatarSprites\Uniforms\Uniform_U125.png	Images\AvatarSprites\Uniforms\균일한_U125.png
Images\AvatarSprites\Uniforms\Uniform_U126.png	Images\AvatarSprites\Uniforms\균일한_U126.png
Images\AvatarSprites\Uniforms\Uniform_U127.png	Images\AvatarSprites\Uniforms\균일한_U127.png
Images\AvatarSprites\Uniforms\Uniform_U128.png	Images\AvatarSprites\Uniforms\균일한_U128.png
Images\AvatarSprites\Uniforms\Uniform_U129.png	Images\AvatarSprites\Uniforms\균일한_U129.png
Images\AvatarSprites\Uniforms\Uniform_U130.png	Images\AvatarSprites\Uniforms\균일한_U130.png
Images\AvatarSprites\Uniforms\Uniform_U131.png	Images\AvatarSprites\Uniforms\균일한_U131.png
Images\AvatarSprites\Uniforms\Uniform_U132.png	Images\AvatarSprites\Uniforms\균일한_U132.png
Images\AvatarSprites\Uniforms\Uniform_U133.png	Images\AvatarSprites\Uniforms\균일한_U133.png
Images\AvatarSprites\Uniforms\Uniform_U134.png	Images\AvatarSprites\Uniforms\균일한_U134.png
Images\AvatarSprites\Uniforms\Uniform_U135.png	Images\AvatarSprites\Uniforms\균일한_U135.png
Images\AvatarSprites\Uniforms\Uniform_U136.png	Images\AvatarSprites\Uniforms\균일한_U136.png
Images\AvatarSprites\Uniforms\Uniform_U137.png	Images\AvatarSprites\Uniforms\균일한_U137.png
Images\AvatarSprites\Uniforms\Uniform_U138.png	Images\AvatarSprites\Uniforms\균일한_U138.png
Images\AvatarSprites\Uniforms\Uniform_U139.png	Images\AvatarSprites\Uniforms\균일한_U139.png
Images\AvatarSprites\Uniforms\Uniform_U140.png	Images\AvatarSprites\Uniforms\균일한_U140.png
Images\AvatarSprites\Uniforms\Uniform_U141.png	Images\AvatarSprites\Uniforms\균일한_U141.png
Images\AvatarSprites\Uniforms\Uniform_U142.png	Images\AvatarSprites\Uniforms\균일한_U142.png
Images\AvatarSprites\Uniforms\Uniform_U143.png	Images\AvatarSprites\Uniforms\균일한_U143.png
Images\AvatarSprites\Uniforms\Uniform_U144.png	Images\AvatarSprites\Uniforms\균일한_U144.png
Images\AvatarSprites\Uniforms\Uniform_U145.png	Images\AvatarSprites\Uniforms\균일한_U145.png
Images\AvatarSprites\Uniforms\Uniform_U146.png	Images\AvatarSprites\Uniforms\균일한_U146.png
Images\AvatarSprites\Uniforms\Uniform_U147.png	Images\AvatarSprites\Uniforms\균일한_U147.png
Images\AvatarSprites\Uniforms\Uniform_U148.png	Images\AvatarSprites\Uniforms\균일한_U148.png
Images\AvatarSprites\Uniforms\Uniform_U149.png	Images\AvatarSprites\Uniforms\균일한_U149.png
Images\AvatarSprites\Uniforms\Uniform_U150.png	Images\AvatarSprites\Uniforms\균일한_U150.png
Images\AvatarSprites\Uniforms\Uniform_U151.png	Images\AvatarSprites\Uniforms\균일한_U151.png
Images\AvatarSprites\Uniforms\Uniform_U152.png	Images\AvatarSprites\Uniforms\균일한_U152.png
Images\AvatarSprites\Uniforms\Uniform_U153.png	Images\AvatarSprites\Uniforms\균일한_U153.png
Images\AvatarSprites\Uniforms\Uniform_U154.png	Images\AvatarSprites\Uniforms\균일한_U154.png
Images\AvatarSprites\Uniforms\Uniform_U155.png	Images\AvatarSprites\Uniforms\균일한_U155.png
Images\Banker Base.png	Images\뱅커 기지.png
Images\Banker Distribution Center.png	Images\뱅커 유통 센터.png
Images\Banker Headquarters.png	Images\뱅커 본부.png
Images\Banker Science Relay.png	Images\뱅커 과학 중계소.png
Images\Banker Warehouse.png	Images\뱅커 창고.png
Images\Bankers Station.png	Images\뱅커 정거장.png
Images\Barren Planet.png	Images\불모 행성.png
Images\Bedrock.png	Images\기반암.png
Images\Black Hole Data.png	Images\블랙홀 데이터.png
Images\Black Hole.png	Images\블랙홀.png
Images\Black Star.png	Images\검은 별.png
Images\Bloom Bush.png	Images\블룸 덤불.png
Images\Bloom Shroom.png	Images\블룸 버섯.png
Images\Bloom Tree.png	Images\블룸 나무.png
Images\Blue Security Field.png	Images\파란 보안 역장.png
Images\Boulders.png	Images\바위.png
Images\Bounty Hunter.png	Images\현상금 사냥꾼.png
Images\Broken Crystals.png	Images\깨진 수정.png
Images\Broken Ground.png	Images\갈라진 땅.png
Images\Casino.png	Images\카지노.png
Images\Cave Entrance.png	Images\동굴 입구.png
Images\Cave Exit.png	Images\동굴 출구.png
Images\Cave Exit_old.png	Images\동굴 출구_old.png
Images\Cave Floor.png	Images\동굴 바닥.png
Images\Cave In Trap.png	Images\낙석 함정.png
Images\Cave Wall.png	Images\동굴 벽.png
Images\Cave_Floor_Ice.png	Images\동굴_Floor_Ice.png
Images\Cave_Wall_Ice.png	Images\동굴_Wall_Ice.png
Images\Cave_Wall_Moss.png	Images\동굴_Wall_Moss.png
Images\Cave_Wall_SandStone.png	Images\동굴_Wall_SandStone.png
Images\Cave_Wall_Stone.png	Images\동굴_Wall_Stone.png
Images\Cerebrosphere.png	Images\세레브로스피어.png
Images\Chemical Energy.png	Images\화학 에너지.png
Images\Chest.png	Images\궤짝.png
Images\Chill Blaster.png	Images\냉각 블래스터.png
Images\City Wall.png	Images\도시 성벽.png
Images\Cold Water.png	Images\차가운 물.png
Images\Contraband.png	Images\밀수품.png
Images\Corrosive Planet.png	Images\부식성 행성.png
Images\Corsair.png	Images\코르세어.png
Images\Counselor.png	Images\카운슬러.png
Images\Crafting_Part_known.png	Images\제작_Part_known.png
Images\Crafting_Part_right.png	Images\제작_Part_right.png
Images\Crafting_Part_unknown.png	Images\제작_Part_unknown.png
Images\Crafting_Part_wrong.png	Images\제작_Part_wrong.png
Images\Crafting_Select_bar1.png	Images\제작_Select_bar1.png
Images\Crapar\Dimensional Transducer.png	Images\Crapar\차원 변환기.png
Images\Crapar\Dysonic Spheroid.png	Images\Crapar\다이슨 회전타원체.png
Images\Crapar\Flux Genes.png	Images\Crapar\유동 유전자.png
Images\Crapar\Graphene.png	Images\Crapar\그래핀.png
Images\Crapar\Junction Matrix.png	Images\Crapar\접합 매트릭스.png
Images\Crapar\Metallicum.png	Images\Crapar\메탈리쿰.png
Images\Crapar\Nanosprockets.png	Images\Crapar\나노 톱니.png
Images\Crapar\Photon Bolts.png	Images\Crapar\광자 볼트.png
Images\Crapar\Quantum Oscillator.png	Images\Crapar\양자 발진기.png
Images\Crapar\Symmetrical Resonator.png	Images\Crapar\대칭 공명기.png
Images\Crapar\Vermilliite.png	Images\Crapar\버밀리아이트.png
Images\Crapar\Wiring.png	Images\Crapar\배선.png
Images\Crapar\Xenon Salts.png	Images\Crapar\제논 염.png
Images\Craters.png	Images\크레이터.png
Images\Cruiser.png	Images\순양함.png
Images\Crumbling MegaStructure.png	Images\무너져 가는 거대 구조물.png
Images\Cryo Tube.png	Images\냉동 튜브.png
Images\Cryo-Chamber.png	Images\냉동 수면실.png
Images\Crystal Formation.png	Images\수정 지대.png
Images\Damage_Barren.png	Images\피해_Barren.png
Images\Damage_Corrosive.png	Images\피해_Corrosive.png
Images\Damage_Frozen.png	Images\피해_Frozen.png
Images\Damage_Gravity.png	Images\피해_Gravity.png
Images\Damage_Molten.png	Images\피해_Molten.png
Images\Damage_Poison.png	Images\피해_Poison.png
Images\Damage_Radiation.png	Images\피해_Radiation.png
Images\Damage_Toxic.png	Images\피해_Toxic.png
Images\Damage_White.png	Images\피해_White.png
Images\Damaged Floor.png	Images\손상된 바닥.png
Images\Damaged Section.png	Images\손상된 구역.png
Images\Dark Nebula.png	Images\암흑 성운.png
Images\Data Core.png	Images\데이터 코어.png
Images\Dead_1.png	Images\죽은_1.png
Images\Dead_10.png	Images\죽은_10.png
Images\Dead_11.png	Images\죽은_11.png
Images\Dead_12.png	Images\죽은_12.png
Images\Dead_13.png	Images\죽은_13.png
Images\Dead_14.png	Images\죽은_14.png
Images\Dead_15.png	Images\죽은_15.png
Images\Dead_18.png	Images\죽은_18.png
Images\Dead_19.png	Images\죽은_19.png
Images\Dead_2.png	Images\죽은_2.png
Images\Dead_3.png	Images\죽은_3.png
Images\Dead_4.png	Images\죽은_4.png
Images\Dead_5.png	Images\죽은_5.png
Images\Dead_6.png	Images\죽은_6.png
Images\Dead_7.png	Images\죽은_7.png
Images\Dead_8.png	Images\죽은_8.png
Images\Dead_9.png	Images\죽은_9.png
Images\Dealer.png	Images\딜러.png
Images\Dealer_Boss.png	Images\딜러_Boss.png
Images\Deep Cave Wall.png	Images\깊은 동굴 벽.png
Images\Destroyer.png	Images\구축함.png
Images\Destroyer_Boss.png	Images\구축함_Boss.png
Images\Device.png	Images\장치.png
Images\DeviceIcons\Device_Algae Harvester.png	Images\DeviceIcons\Device_조류 수확기.png
Images\DeviceIcons\Device_Amoeba Scoop.png	Images\DeviceIcons\Device_아메바 스쿠프.png
Images\DeviceIcons\Device_Analysis Suite.png	Images\DeviceIcons\Device_분석 설비.png
Images\DeviceIcons\Device_Armored Missiles.png	Images\DeviceIcons\Device_장갑 미사일.png
Images\DeviceIcons\Device_Artifact Catalogue.png	Images\DeviceIcons\Device_유물 목록.png
Images\DeviceIcons\Device_Asteroid Cracker.png	Images\DeviceIcons\Device_소행성 분쇄기.png
Images\DeviceIcons\Device_Asteroid Sieve.png	Images\DeviceIcons\Device_소행성 체.png
Images\DeviceIcons\Device_Auto-Repair.png	Images\DeviceIcons\Device_자동 수리.png
Images\DeviceIcons\Device_Ballistic Accelerator.png	Images\DeviceIcons\Device_탄도 가속기.png
Images\DeviceIcons\Device_Better Ammunition.png	Images\DeviceIcons\Device_개량 탄약.png
Images\DeviceIcons\Device_Bio Filter.png	Images\DeviceIcons\Device_생체 필터.png
Images\DeviceIcons\Device_Cargo Containers.png	Images\DeviceIcons\Device_화물 컨테이너.png
Images\DeviceIcons\Device_Cargo Vacuum.png	Images\DeviceIcons\Device_화물 흡입기.png
Images\DeviceIcons\Device_Cloak Enhancer.png	Images\DeviceIcons\Device_은폐 강화기.png
Images\DeviceIcons\Device_Clue Detector.png	Images\DeviceIcons\Device_단서 탐지기.png
Images\DeviceIcons\Device_Comm Jammer.png	Images\DeviceIcons\Device_통신 방해기.png
Images\DeviceIcons\Device_Consumption Engine.png	Images\DeviceIcons\Device_소비 엔진.png
Images\DeviceIcons\Device_Contamination Shielding.png	Images\DeviceIcons\Device_오염 차폐.png
Images\DeviceIcons\Device_Corona Shield.png	Images\DeviceIcons\Device_코로나 차폐막.png
Images\DeviceIcons\Device_Creature Cages.png	Images\DeviceIcons\Device_생물 우리.png
Images\DeviceIcons\Device_Credit Karma.png	Images\DeviceIcons\Device_크레딧 카르마.png
Images\DeviceIcons\Device_Crew Toroid.png	Images\DeviceIcons\Device_선원 토로이드.png
Images\DeviceIcons\Device_Cryo-Chamber.png	Images\DeviceIcons\Device_냉동 수면실.png
Images\DeviceIcons\Device_Cuff'em.png	Images\DeviceIcons\Device_수갑 채워.png
Images\DeviceIcons\Device_Cyclic Capacitor.png	Images\DeviceIcons\Device_순환 축전기.png
Images\DeviceIcons\Device_Diplomatic Beacon.png	Images\DeviceIcons\Device_외교 비콘.png
Images\DeviceIcons\Device_Distillery.png	Images\DeviceIcons\Device_증류기.png
Images\DeviceIcons\Device_Emission Tracer.png	Images\DeviceIcons\Device_방출 추적기.png
Images\DeviceIcons\Device_Engine Disruptor.png	Images\DeviceIcons\Device_엔진 교란기.png
Images\DeviceIcons\Device_Enpurpulator.png	Images\DeviceIcons\Device_보라화 장치.png
Images\DeviceIcons\Device_Envirodaptor.png	Images\DeviceIcons\Device_환경 적응기.png
Images\DeviceIcons\Device_Escape Craft.png	Images\DeviceIcons\Device_탈출정.png
Images\DeviceIcons\Device_Excavator.png	Images\DeviceIcons\Device_굴착기.png
Images\DeviceIcons\Device_Extortionist Weaponry.png	Images\DeviceIcons\Device_갈취용 무장.png
Images\DeviceIcons\Device_Fake ID.png	Images\DeviceIcons\Device_위조 신분증.png
Images\DeviceIcons\Device_Faraday Cage.png	Images\DeviceIcons\Device_패러데이 케이지.png
Images\DeviceIcons\Device_Field Breaker.png	Images\DeviceIcons\Device_역장 파쇄기.png
Images\DeviceIcons\Device_Fuel Tanks.png	Images\DeviceIcons\Device_연료 탱크.png
Images\DeviceIcons\Device_Gravitational Reflector.png	Images\DeviceIcons\Device_중력 반사기.png
Images\DeviceIcons\Device_Greed Inducer.png	Images\DeviceIcons\Device_탐욕 유발기.png
Images\DeviceIcons\Device_Grenade Replenisher.png	Images\DeviceIcons\Device_수류탄 보충기.png
Images\DeviceIcons\Device_Guest Quarters.png	Images\DeviceIcons\Device_손님 객실.png
Images\DeviceIcons\Device_Hand Scanners.png	Images\DeviceIcons\Device_휴대용 스캐너.png
Images\DeviceIcons\Device_Hard Hat.png	Images\DeviceIcons\Device_안전모.png
Images\DeviceIcons\Device_Hardened Systems.png	Images\DeviceIcons\Device_강화 시스템.png
Images\DeviceIcons\Device_Hazmat Shield.png	Images\DeviceIcons\Device_방호 보호막.png
Images\DeviceIcons\Device_Holographic Recreation.png	Images\DeviceIcons\Device_홀로그램 오락실.png
Images\DeviceIcons\Device_Hoverboard.png	Images\DeviceIcons\Device_호버보드.png
Images\DeviceIcons\Device_Hull Shears.png	Images\DeviceIcons\Device_선체 절단기.png
Images\DeviceIcons\Device_Immunization Station.png	Images\DeviceIcons\Device_예방접종실.png
Images\DeviceIcons\Device_Improved Weapon Mounts.png	Images\DeviceIcons\Device_개량 무기 거치대.png
Images\DeviceIcons\Device_Ion Accumulator.png	Images\DeviceIcons\Device_이온 축적기.png
Images\DeviceIcons\Device_Life Support Module.png	Images\DeviceIcons\Device_생명 유지 모듈.png
Images\DeviceIcons\Device_Lockup.png	Images\DeviceIcons\Device_유치장.png
Images\DeviceIcons\Device_Machine Shop.png	Images\DeviceIcons\Device_기계 공작실.png
Images\DeviceIcons\Device_Magnetic Boots.png	Images\DeviceIcons\Device_자력 부츠.png
Images\DeviceIcons\Device_Medical Bay.png	Images\DeviceIcons\Device_의무실.png
Images\DeviceIcons\Device_Mine Sweeper.png	Images\DeviceIcons\Device_기뢰 제거기.png
Images\DeviceIcons\Device_Missile Scrambler.png	Images\DeviceIcons\Device_미사일 교란기.png
Images\DeviceIcons\Device_Monster Repellant.png	Images\DeviceIcons\Device_괴물 퇴치제.png
Images\DeviceIcons\Device_Motion Tracker.png	Images\DeviceIcons\Device_동작 추적기.png
Images\DeviceIcons\Device_Mountain Climbers.png	Images\DeviceIcons\Device_등반 장비.png
Images\DeviceIcons\Device_Nebulizer.png	Images\DeviceIcons\Device_성운 생성기.png
Images\DeviceIcons\Device_Non-Lethal Weapons.png	Images\DeviceIcons\Device_비살상 무기.png
Images\DeviceIcons\Device_Officer Training Stations.png	Images\DeviceIcons\Device_장교 훈련 시설.png
Images\DeviceIcons\Device_Oxygen Replenisher.png	Images\DeviceIcons\Device_산소 보충기.png
Images\DeviceIcons\Device_PD Turrets.png	Images\DeviceIcons\Device_PD 포탑.png
Images\DeviceIcons\Device_Photon Displacer.png	Images\DeviceIcons\Device_광자 변위기.png
Images\DeviceIcons\Device_Plasma Lance.png	Images\DeviceIcons\Device_플라스마 랜스.png
Images\DeviceIcons\Device_Portable Stealth Field.png	Images\DeviceIcons\Device_휴대용 스텔스 필드.png
Images\DeviceIcons\Device_Propaganda Signal.png	Images\DeviceIcons\Device_선전 신호.png
Images\DeviceIcons\Device_Publicizer.png	Images\DeviceIcons\Device_홍보기.png
Images\DeviceIcons\Device_Quantum Constrictor.png	Images\DeviceIcons\Device_양자 수축기.png
Images\DeviceIcons\Device_Quest Detector.png	Images\DeviceIcons\Device_퀘스트 탐지기.png
Images\DeviceIcons\Device_Quicker Picker.png	Images\DeviceIcons\Device_빠른 채집기.png
Images\DeviceIcons\Device_Radiation Shunt.png	Images\DeviceIcons\Device_방사선 우회기.png
Images\DeviceIcons\Device_Ram Scoop.png	Images\DeviceIcons\Device_램 스쿠프.png
Images\DeviceIcons\Device_Recyclotron.png	Images\DeviceIcons\Device_리사이클로트론.png
Images\DeviceIcons\Device_Resource Extractor.png	Images\DeviceIcons\Device_자원 추출기.png
Images\DeviceIcons\Device_Robotic Crew Constructor.png	Images\DeviceIcons\Device_로봇 선원 제작기.png
Images\DeviceIcons\Device_Rock Plow.png	Images\DeviceIcons\Device_암석 쟁기.png
Images\DeviceIcons\Device_Salvage Lab.png	Images\DeviceIcons\Device_인양 연구실.png
Images\DeviceIcons\Device_Savior Beacon.png	Images\DeviceIcons\Device_구원자 비콘.png
Images\DeviceIcons\Device_Scanner Amplifier.png	Images\DeviceIcons\Device_스캐너 증폭기.png
Images\DeviceIcons\Device_Science Lab.png	Images\DeviceIcons\Device_과학 연구실.png
Images\DeviceIcons\Device_Scrapper.png	Images\DeviceIcons\Device_해체기.png
Images\DeviceIcons\Device_Self Sealing Suits.png	Images\DeviceIcons\Device_자가 밀봉 슈트.png
Images\DeviceIcons\Device_Sensor Booster.png	Images\DeviceIcons\Device_센서 증폭기.png
Images\DeviceIcons\Device_Shield Regenerator.png	Images\DeviceIcons\Device_보호막 재생기.png
Images\DeviceIcons\Device_Shield Reinforcements.png	Images\DeviceIcons\Device_보호막 보강재.png
Images\DeviceIcons\Device_Smuggler's Compartment.png	Images\DeviceIcons\Device_밀수용 비밀 칸.png
Images\DeviceIcons\Device_Solar Assimilator.png	Images\DeviceIcons\Device_태양 동화기.png
Images\DeviceIcons\Device_Solar Sail.png	Images\DeviceIcons\Device_태양돛.png
Images\DeviceIcons\Device_Spike Field.png	Images\DeviceIcons\Device_가시 필드.png
Images\DeviceIcons\Device_Stealth Coating.png	Images\DeviceIcons\Device_스텔스 코팅.png
Images\DeviceIcons\Device_Supply Converter.png	Images\DeviceIcons\Device_보급품 변환기.png
Images\DeviceIcons\Device_Supply Storage.png	Images\DeviceIcons\Device_보급품 저장고.png
Images\DeviceIcons\Device_Survey Module.png	Images\DeviceIcons\Device_조사 모듈.png
Images\DeviceIcons\Device_Synergy Systems.png	Images\DeviceIcons\Device_시너지 시스템.png
Images\DeviceIcons\Device_Tech Extractor.png	Images\DeviceIcons\Device_기술 추출기.png
Images\DeviceIcons\Device_Thermal Dissipators.png	Images\DeviceIcons\Device_열 발산기.png
Images\DeviceIcons\Device_Trade Beacon.png	Images\DeviceIcons\Device_교역 비콘.png
Images\DeviceIcons\Device_Tradio.png	Images\DeviceIcons\Device_트레이디오.png
Images\DeviceIcons\Device_Transdimensional Storage.png	Images\DeviceIcons\Device_초차원 저장고.png
Images\DeviceIcons\Device_Vertical Landing Module.png	Images\DeviceIcons\Device_수직 착륙 모듈.png
Images\DeviceIcons\Device_Warp Breach.png	Images\DeviceIcons\Device_워프 균열.png
Images\DeviceIcons\Device_Warp Cooler.png	Images\DeviceIcons\Device_워프 냉각기.png
Images\DeviceIcons\Device_Water Walkers.png	Images\DeviceIcons\Device_수상 보행기.png
Images\DeviceIcons\Device_Weapon Disruptor.png	Images\DeviceIcons\Device_무기 교란기.png
Images\Dirt Wall.png	Images\흙벽.png
Images\Disruption.png	Images\교란.png
Images\Dreaming Nano-Planet.png	Images\꿈꾸는 나노 행성.png
Images\Dry Ice.png	Images\드라이아이스.png
Images\Dying Planet.png	Images\죽어 가는 행성.png
Images\Dying Vegetation.png	Images\말라 가는 초목.png
Images\Eater Deli.png	Images\이터 델리.png
Images\Empty_Component.png	Images\빈_Component.png
Images\Empty_Device.png	Images\빈_Device.png
Images\Empty_Gear.png	Images\빈_Gear.png
Images\Essence Door.png	Images\정수 문.png
Images\Explorer.png	Images\익스플로러.png
Images\Firax Artifact.png	Images\피락스 유물.png
Images\Firax Infusor.png	Images\피락스 주입기.png
Images\Firax Lounge.png	Images\피락스 라운지.png
Images\Firax Mutator.png	Images\피락스 변이기.png
Images\Firax Vault.png	Images\피락스 금고.png
Images\Fire.png	Images\발사.png
Images\Flux Genes.png	Images\유동 유전자.png
Images\Fresh Water.png	Images\민물.png
Images\Frozen Planet.png	Images\얼어붙은 행성.png
Images\Furniture\Arcade\Arcade_Broken1.png	Images\Furniture\Arcade\오락실_Broken1.png
Images\Furniture\Arcade\Arcade_Broken12.png	Images\Furniture\Arcade\오락실_Broken12.png
Images\Furniture\Arcade\Arcade_Off.png	Images\Furniture\Arcade\오락실_Off.png
Images\Furniture\End_Table-B.png	Images\Furniture\끝_Table-B.png
Images\Furniture\End_Table-B_Open.png	Images\Furniture\끝_Table-B_Open.png
Images\Furniture\End_Table.png	Images\Furniture\끝_Table.png
Images\Furniture\F\Book Case.png	Images\Furniture\F\책장.png
Images\Furniture\F\Book Case_Broken.png	Images\Furniture\F\책장_Broken.png
Images\Furniture\F\Chair.png	Images\Furniture\F\의자.png
Images\Furniture\F\Chair_Broken.png	Images\Furniture\F\의자_Broken.png
Images\Furniture\F\Empty Book Case.png	Images\Furniture\F\빈 책장.png
Images\Furniture\F\End_Table-B.png	Images\Furniture\F\끝_Table-B.png
Images\Furniture\F\End_Table-B_Open.png	Images\Furniture\F\끝_Table-B_Open.png
Images\Furniture\F\End_Table.png	Images\Furniture\F\끝_Table.png
Images\Furniture\F\Garbage Can.png	Images\Furniture\F\쓰레기통.png
Images\Furniture\F\Garbage Can_Broken.png	Images\Furniture\F\쓰레기통_Broken.png
Images\Furniture\F\Garbage Can_Open.png	Images\Furniture\F\쓰레기통_Open.png
Images\Furniture\F\Podium.png	Images\Furniture\F\연단.png
Images\Furniture\F\Podium_Broken.png	Images\Furniture\F\연단_Broken.png
Images\Furniture\Kitchen\Kitchen_Cabinets_Broken.png	Images\Furniture\Kitchen\주방_Cabinets_Broken.png
Images\Furniture\Kitchen\Kitchen_Cabinets_Unit.png	Images\Furniture\Kitchen\주방_Cabinets_Unit.png
Images\Furniture\Kitchen\Kitchen_Cabinets_Unit_Broken.png	Images\Furniture\Kitchen\주방_Cabinets_Unit_Broken.png
Images\Furniture\Kitchen\Kitchen_Cabinets_Unit_Open.png	Images\Furniture\Kitchen\주방_Cabinets_Unit_Open.png
Images\Furniture\Kitchen\Kitchen_Drawers_Broken.png	Images\Furniture\Kitchen\주방_Drawers_Broken.png
Images\Furniture\Kitchen\Kitchen_Drawers_Unit.png	Images\Furniture\Kitchen\주방_Drawers_Unit.png
Images\Furniture\Kitchen\Kitchen_Drawers_Unit_Broken.png	Images\Furniture\Kitchen\주방_Drawers_Unit_Broken.png
Images\Furniture\Kitchen\Kitchen_Drawers_Unit_Open.png	Images\Furniture\Kitchen\주방_Drawers_Unit_Open.png
Images\Furniture\Kitchen\Kitchen_MicroWave_Broken.png	Images\Furniture\Kitchen\주방_MicroWave_Broken.png
Images\Furniture\Kitchen\Kitchen_MicroWave_Unit.png	Images\Furniture\Kitchen\주방_MicroWave_Unit.png
Images\Furniture\Kitchen\Kitchen_MicroWave_Unit_Broken.png	Images\Furniture\Kitchen\주방_MicroWave_Unit_Broken.png
Images\Furniture\Kitchen\Kitchen_MiniFridge_Broken.png	Images\Furniture\Kitchen\주방_MiniFridge_Broken.png
Images\Furniture\Kitchen\Kitchen_MiniFridge_Unit.png	Images\Furniture\Kitchen\주방_MiniFridge_Unit.png
Images\Furniture\Kitchen\Kitchen_MiniFridge_Unit_Broken.png	Images\Furniture\Kitchen\주방_MiniFridge_Unit_Broken.png
Images\Furniture\Kitchen\Kitchen_MiniFridge_Unit_Open.png	Images\Furniture\Kitchen\주방_MiniFridge_Unit_Open.png
Images\Furniture\Kitchen\Kitchen_Shelves_Broken.png	Images\Furniture\Kitchen\주방_Shelves_Broken.png
Images\Furniture\Kitchen\Kitchen_Shelves_Unit.png	Images\Furniture\Kitchen\주방_Shelves_Unit.png
Images\Furniture\Kitchen\Kitchen_Shelves_Unit_Broken.png	Images\Furniture\Kitchen\주방_Shelves_Unit_Broken.png
Images\Furniture\Kitchen\Kitchen_Shelves_Unit_Full.png	Images\Furniture\Kitchen\주방_Shelves_Unit_Full.png
Images\Furniture\Kitchen\Kitchen_Sink_Broken.png	Images\Furniture\Kitchen\주방_Sink_Broken.png
Images\Furniture\Kitchen\Kitchen_Sink_Unit.png	Images\Furniture\Kitchen\주방_Sink_Unit.png
Images\Furniture\Kitchen\Kitchen_Sink_Unit_Broken.png	Images\Furniture\Kitchen\주방_Sink_Unit_Broken.png
Images\Furniture\Kitchen\Kitchen_Stove_Broken.png	Images\Furniture\Kitchen\주방_Stove_Broken.png
Images\Furniture\Kitchen\Kitchen_Stove_Unit.png	Images\Furniture\Kitchen\주방_Stove_Unit.png
Images\Furniture\Kitchen\Kitchen_Stove_Unit_Broken.png	Images\Furniture\Kitchen\주방_Stove_Unit_Broken.png
Images\Furniture\Kitchen\Kitchen_Stove_Unit_Open.png	Images\Furniture\Kitchen\주방_Stove_Unit_Open.png
Images\Furniture\Podium.png	Images\Furniture\연단.png
Images\Furniture\PushMachines\Circulatrix.png	Images\Furniture\PushMachines\서큘라트릭스.png
Images\Furniture\PushMachines\Circulatrix_Broken.png	Images\Furniture\PushMachines\서큘라트릭스_Broken.png
Images\Furniture\PushMachines\Circulatrix_Off.png	Images\Furniture\PushMachines\서큘라트릭스_Off.png
Images\Furniture\PushMachines\Ethereal Modulator.png	Images\Furniture\PushMachines\에테르 변조기.png
Images\Furniture\PushMachines\Ethereal Modulator_Broken.png	Images\Furniture\PushMachines\에테르 변조기_Broken.png
Images\Furniture\PushMachines\Ethereal Modulator_Off.png	Images\Furniture\PushMachines\에테르 변조기_Off.png
Images\Furniture\PushMachines\Gravitic Injector.png	Images\Furniture\PushMachines\중력 주입기.png
Images\Furniture\PushMachines\Gravitic Injector_Broken.png	Images\Furniture\PushMachines\중력 주입기_Broken.png
Images\Furniture\PushMachines\Gravitic Injector_Off.png	Images\Furniture\PushMachines\중력 주입기_Off.png
Images\Furniture\PushMachines\Inertial Conduit.png	Images\Furniture\PushMachines\관성 도관.png
Images\Furniture\PushMachines\Inertial Conduit_Broken.png	Images\Furniture\PushMachines\관성 도관_Broken.png
Images\Furniture\PushMachines\Inertial Conduit_Off.png	Images\Furniture\PushMachines\관성 도관_Off.png
Images\Furniture\PushMachines\Spin Cycler.png	Images\Furniture\PushMachines\스핀 사이클러.png
Images\Furniture\PushMachines\Spin Cycler_Broken.png	Images\Furniture\PushMachines\스핀 사이클러_Broken.png
Images\Furniture\PushMachines\Spin Cycler_Off.png	Images\Furniture\PushMachines\스핀 사이클러_Off.png
Images\Furniture\ShapeColorPuzzle\Triangle_Object.png	Images\Furniture\ShapeColorPuzzle\삼각형_Object.png
Images\Furniture\ShapeColorPuzzle\Triangle_Object_ALT.png	Images\Furniture\ShapeColorPuzzle\삼각형_Object_ALT.png
Images\Furniture\ShapeColorPuzzle\Triangle_Target Shaded.png	Images\Furniture\ShapeColorPuzzle\삼각형_Target Shaded.png
Images\Furniture\ShapeColorPuzzle\Triangle_Target.png	Images\Furniture\ShapeColorPuzzle\삼각형_Target.png
Images\Furniture\ShipSystems\Field Energizer.png	Images\Furniture\ShipSystems\필드 에너자이저.png
Images\Furniture\ShipSystems\Field Energizer_Broken.png	Images\Furniture\ShipSystems\필드 에너자이저_Broken.png
Images\Furniture\ShipSystems\Field Energizer_Off.png	Images\Furniture\ShipSystems\필드 에너자이저_Off.png
Images\Furniture\ShipSystems\Life Support.png	Images\Furniture\ShipSystems\생명 유지 장치.png
Images\Furniture\ShipSystems\Life Support_Broken.png	Images\Furniture\ShipSystems\생명 유지 장치_Broken.png
Images\Furniture\ShipSystems\Life Support_Off.png	Images\Furniture\ShipSystems\생명 유지 장치_Off.png
Images\Furniture\ShipSystems\Propulsion Feed.png	Images\Furniture\ShipSystems\추진 공급기.png
Images\Furniture\ShipSystems\Propulsion Feed_Broken.png	Images\Furniture\ShipSystems\추진 공급기_Broken.png
Images\Furniture\ShipSystems\Propulsion Feed_Off.png	Images\Furniture\ShipSystems\추진 공급기_Off.png
Images\Furniture\ShipSystems\Reaction Chamber.png	Images\Furniture\ShipSystems\반응 챔버.png
Images\Furniture\ShipSystems\Reaction Chamber_Broken.png	Images\Furniture\ShipSystems\반응 챔버_Broken.png
Images\Furniture\ShipSystems\Reaction Chamber_Off.png	Images\Furniture\ShipSystems\반응 챔버_Off.png
Images\Furniture\ShipSystems\Spatial Monitor.png	Images\Furniture\ShipSystems\공간 모니터.png
Images\Furniture\ShipSystems\Spatial Monitor_Broken.png	Images\Furniture\ShipSystems\공간 모니터_Broken.png
Images\Furniture\ShipSystems\Spatial Monitor_Off.png	Images\Furniture\ShipSystems\공간 모니터_Off.png
Images\Furniture\ShipSystems\Tactical Permutator.png	Images\Furniture\ShipSystems\전술 순열기.png
Images\Furniture\ShipSystems\Tactical Permutator_Broken.png	Images\Furniture\ShipSystems\전술 순열기_Broken.png
Images\Furniture\ShipSystems\Tactical Permutator_Off.png	Images\Furniture\ShipSystems\전술 순열기_Off.png
Images\Furniture\ShipSystems\Warp Pump.png	Images\Furniture\ShipSystems\워프 펌프.png
Images\Furniture\ShipSystems\Warp Pump_Broken.png	Images\Furniture\ShipSystems\워프 펌프_Broken.png
Images\Furniture\ShipSystems\Warp Pump_Off.png	Images\Furniture\ShipSystems\워프 펌프_Off.png
Images\Furniture\Various\Cage.png	Images\Furniture\Various\우리.png
Images\Furniture\Various\Jammer.png	Images\Furniture\Various\재머.png
Images\Furniture\Various\Jammer_Broken.png	Images\Furniture\Various\재머_Broken.png
Images\Furniture\Various\Jammer_Off.png	Images\Furniture\Various\재머_Off.png
Images\Furniture\Various\Locker_Broken.png	Images\Furniture\Various\사물함_Broken.png
Images\Furniture\Various\Locker_Closed.png	Images\Furniture\Various\사물함_Closed.png
Images\Furniture\Various\Locker_Open.png	Images\Furniture\Various\사물함_Open.png
Images\Furniture\Various\Open Cell.png	Images\Furniture\Various\열린 감방.png
Images\Furniture\Various\Presence Switch (Off).png	Images\Furniture\Various\감지 스위치 (꺼짐).png
Images\Furniture\Various\Presence Switch (On).png	Images\Furniture\Various\감지 스위치 (켜짐).png
Images\Gadget Door.png	Images\가젯 문.png
Images\Gadgets\Blast Chamber.png	Images\Gadgets\폭발 챔버.png
Images\Gadgets\Bohr Cage.png	Images\Gadgets\보어 케이지.png
Images\Gadgets\Command Rods.png	Images\Gadgets\지휘봉.png
Images\Gadgets\Cosmic Sextant.png	Images\Gadgets\우주 육분의.png
Images\Gadgets\Higgs Bottle.png	Images\Gadgets\힉스 병.png
Images\Gadgets\Interplexor.png	Images\Gadgets\인터플렉서.png
Images\Gadgets\Klein Pump.png	Images\Gadgets\클라인 펌프.png
Images\Gadgets\Luminal Triode.png	Images\Gadgets\광속 삼극관.png
Images\Gadgets\Muon Trap.png	Images\Gadgets\뮤온 트랩.png
Images\Gadgets\Planck Tuner.png	Images\Gadgets\플랑크 튜너.png
Images\Gadgets\Superpositioner.png	Images\Gadgets\중첩기.png
Images\Gadgets\Synchronic Press.png	Images\Gadgets\동시성 프레스.png
Images\Gadgets\Zylon Battery.png	Images\Gadgets\자일론 배터리.png
Images\Galactic MegaStructure I.png	Images\은하 거대 구조물 I.png
Images\Galactic MegaStructure II.png	Images\은하 거대 구조물 II.png
Images\Galactic MegaStructure III.png	Images\은하 거대 구조물 III.png
Images\Galactic MegaStructure IV.png	Images\은하 거대 구조물 IV.png
Images\Garbage Scow.png	Images\쓰레기 운반선.png
Images\Gas Giant Data.png	Images\가스 행성 데이터.png
Images\Gas Giant.png	Images\가스 행성.png
Images\Giant Star.png	Images\거성.png
Images\Gold_AnvilB.png	Images\금_AnvilB.png
Images\Gold_AnvilB2.png	Images\금_AnvilB2.png
Images\Golden Pollen.png	Images\황금 꽃가루.png
Images\Grenade_Sight_0.png	Images\수류탄_Sight_0.png
Images\Grenade_Sight_1.png	Images\수류탄_Sight_1.png
Images\Grenade_Sight_2.png	Images\수류탄_Sight_2.png
Images\Grenade_Sight_3.png	Images\수류탄_Sight_3.png
Images\Gruff Space Station.png	Images\그러프 우주 정거장.png
Images\Hauler.png	Images\수송선.png
Images\Hauler_boss.png	Images\수송선_boss.png
Images\High-Gravity Planet.png	Images\고중력 행성.png
Images\Hive Wall.png	Images\군락 벽.png
Images\Holo-Barrier.png	Images\홀로 방벽.png
Images\Horizontal Auto Door Open.png	Images\수평 자동문 (열림).png
Images\Horizontal Auto Door Open_Set1.png	Images\수평 자동문 (열림)_Set1.png
Images\Horizontal Auto Door Open_Set10.png	Images\수평 자동문 (열림)_Set10.png
Images\Horizontal Auto Door Open_Set10_2x.png	Images\수평 자동문 (열림)_Set10_2x.png
Images\Horizontal Auto Door Open_Set11.png	Images\수평 자동문 (열림)_Set11.png
Images\Horizontal Auto Door Open_Set12.png	Images\수평 자동문 (열림)_Set12.png
Images\Horizontal Auto Door Open_Set13.png	Images\수평 자동문 (열림)_Set13.png
Images\Horizontal Auto Door Open_Set14.png	Images\수평 자동문 (열림)_Set14.png
Images\Horizontal Auto Door Open_Set15.png	Images\수평 자동문 (열림)_Set15.png
Images\Horizontal Auto Door Open_Set16.png	Images\수평 자동문 (열림)_Set16.png
Images\Horizontal Auto Door Open_Set17.png	Images\수평 자동문 (열림)_Set17.png
Images\Horizontal Auto Door Open_Set18.png	Images\수평 자동문 (열림)_Set18.png
Images\Horizontal Auto Door Open_Set19.png	Images\수평 자동문 (열림)_Set19.png
Images\Horizontal Auto Door Open_Set2.png	Images\수평 자동문 (열림)_Set2.png
Images\Horizontal Auto Door Open_Set20.png	Images\수평 자동문 (열림)_Set20.png
Images\Horizontal Auto Door Open_Set21.png	Images\수평 자동문 (열림)_Set21.png
Images\Horizontal Auto Door Open_Set22.png	Images\수평 자동문 (열림)_Set22.png
Images\Horizontal Auto Door Open_Set23.png	Images\수평 자동문 (열림)_Set23.png
Images\Horizontal Auto Door Open_Set24.png	Images\수평 자동문 (열림)_Set24.png
Images\Horizontal Auto Door Open_Set25.png	Images\수평 자동문 (열림)_Set25.png
Images\Horizontal Auto Door Open_Set26.png	Images\수평 자동문 (열림)_Set26.png
Images\Horizontal Auto Door Open_Set27.png	Images\수평 자동문 (열림)_Set27.png
Images\Horizontal Auto Door Open_Set28.png	Images\수평 자동문 (열림)_Set28.png
Images\Horizontal Auto Door Open_Set29.png	Images\수평 자동문 (열림)_Set29.png
Images\Horizontal Auto Door Open_Set3.png	Images\수평 자동문 (열림)_Set3.png
Images\Horizontal Auto Door Open_Set4.png	Images\수평 자동문 (열림)_Set4.png
Images\Horizontal Auto Door Open_Set49.png	Images\수평 자동문 (열림)_Set49.png
Images\Horizontal Auto Door Open_Set5.png	Images\수평 자동문 (열림)_Set5.png
Images\Horizontal Auto Door Open_Set50.png	Images\수평 자동문 (열림)_Set50.png
Images\Horizontal Auto Door Open_Set6.png	Images\수평 자동문 (열림)_Set6.png
Images\Horizontal Auto Door Open_Set7.png	Images\수평 자동문 (열림)_Set7.png
Images\Horizontal Auto Door Open_Set8.png	Images\수평 자동문 (열림)_Set8.png
Images\Horizontal Auto Door Open_Set9.png	Images\수평 자동문 (열림)_Set9.png
Images\Horizontal Auto Door.png	Images\수평 자동문.png
Images\Horizontal Auto Door_Set1.png	Images\수평 자동문_Set1.png
Images\Horizontal Auto Door_Set10.png	Images\수평 자동문_Set10.png
Images\Horizontal Auto Door_Set10_2x.png	Images\수평 자동문_Set10_2x.png
Images\Horizontal Auto Door_Set11.png	Images\수평 자동문_Set11.png
Images\Horizontal Auto Door_Set12.png	Images\수평 자동문_Set12.png
Images\Horizontal Auto Door_Set13.png	Images\수평 자동문_Set13.png
Images\Horizontal Auto Door_Set14.png	Images\수평 자동문_Set14.png
Images\Horizontal Auto Door_Set15.png	Images\수평 자동문_Set15.png
Images\Horizontal Auto Door_Set16.png	Images\수평 자동문_Set16.png
Images\Horizontal Auto Door_Set17.png	Images\수평 자동문_Set17.png
Images\Horizontal Auto Door_Set18.png	Images\수평 자동문_Set18.png
Images\Horizontal Auto Door_Set19.png	Images\수평 자동문_Set19.png
Images\Horizontal Auto Door_Set2.png	Images\수평 자동문_Set2.png
Images\Horizontal Auto Door_Set20.png	Images\수평 자동문_Set20.png
Images\Horizontal Auto Door_Set21.png	Images\수평 자동문_Set21.png
Images\Horizontal Auto Door_Set22.png	Images\수평 자동문_Set22.png
Images\Horizontal Auto Door_Set23.png	Images\수평 자동문_Set23.png
Images\Horizontal Auto Door_Set24.png	Images\수평 자동문_Set24.png
Images\Horizontal Auto Door_Set25.png	Images\수평 자동문_Set25.png
Images\Horizontal Auto Door_Set26.png	Images\수평 자동문_Set26.png
Images\Horizontal Auto Door_Set27.png	Images\수평 자동문_Set27.png
Images\Horizontal Auto Door_Set28.png	Images\수평 자동문_Set28.png
Images\Horizontal Auto Door_Set29.png	Images\수평 자동문_Set29.png
Images\Horizontal Auto Door_Set3.png	Images\수평 자동문_Set3.png
Images\Horizontal Auto Door_Set4.png	Images\수평 자동문_Set4.png
Images\Horizontal Auto Door_Set49.png	Images\수평 자동문_Set49.png
Images\Horizontal Auto Door_Set5.png	Images\수평 자동문_Set5.png
Images\Horizontal Auto Door_Set50.png	Images\수평 자동문_Set50.png
Images\Horizontal Auto Door_Set6.png	Images\수평 자동문_Set6.png
Images\Horizontal Auto Door_Set7.png	Images\수평 자동문_Set7.png
Images\Horizontal Auto Door_Set8.png	Images\수평 자동문_Set8.png
Images\Horizontal Auto Door_Set9.png	Images\수평 자동문_Set9.png
Images\Horizontal Door.png	Images\수평 문.png
Images\Horizontal Door_Set1.png	Images\수평 문_Set1.png
Images\Horizontal Door_Set10.png	Images\수평 문_Set10.png
Images\Horizontal Door_Set11.png	Images\수평 문_Set11.png
Images\Horizontal Door_Set12.png	Images\수평 문_Set12.png
Images\Horizontal Door_Set13.png	Images\수평 문_Set13.png
Images\Horizontal Door_Set14.png	Images\수평 문_Set14.png
Images\Horizontal Door_Set15.png	Images\수평 문_Set15.png
Images\Horizontal Door_Set16.png	Images\수평 문_Set16.png
Images\Horizontal Door_Set17.png	Images\수평 문_Set17.png
Images\Horizontal Door_Set18.png	Images\수평 문_Set18.png
Images\Horizontal Door_Set19.png	Images\수평 문_Set19.png
Images\Horizontal Door_Set2.png	Images\수평 문_Set2.png
Images\Horizontal Door_Set20.png	Images\수평 문_Set20.png
Images\Horizontal Door_Set21.png	Images\수평 문_Set21.png
Images\Horizontal Door_Set22.png	Images\수평 문_Set22.png
Images\Horizontal Door_Set23.png	Images\수평 문_Set23.png
Images\Horizontal Door_Set24.png	Images\수평 문_Set24.png
Images\Horizontal Door_Set25.png	Images\수평 문_Set25.png
Images\Horizontal Door_Set26.png	Images\수평 문_Set26.png
Images\Horizontal Door_Set27.png	Images\수평 문_Set27.png
Images\Horizontal Door_Set28.png	Images\수평 문_Set28.png
Images\Horizontal Door_Set29.png	Images\수평 문_Set29.png
Images\Horizontal Door_Set3.png	Images\수평 문_Set3.png
Images\Horizontal Door_Set4.png	Images\수평 문_Set4.png
Images\Horizontal Door_Set49.png	Images\수평 문_Set49.png
Images\Horizontal Door_Set5.png	Images\수평 문_Set5.png
Images\Horizontal Door_Set50.png	Images\수평 문_Set50.png
Images\Horizontal Door_Set6.png	Images\수평 문_Set6.png
Images\Horizontal Door_Set7.png	Images\수평 문_Set7.png
Images\Horizontal Door_Set8.png	Images\수평 문_Set8.png
Images\Horizontal Door_Set9.png	Images\수평 문_Set9.png
Images\Hull Access.png	Images\선체 접근로.png
Images\Human Remains.png	Images\인간 유해.png
Images\Hydrocarbon Ice.png	Images\탄화수소 얼음.png
Images\Hydrocarbon Sludge.png	Images\탄화수소 슬러지.png
Images\Ice Cave Wall.png	Images\얼음 동굴 벽.png
Images\Ice.png	Images\얼음.png
Images\Icon_Armor.png	Images\Icon_장갑.png
Images\Icon_Beamer1.png	Images\Icon_빔건1.png
Images\Icon_Beamer1L.png	Images\Icon_빔건1L.png
Images\Icon_Blaster1.png	Images\Icon_블래스터1.png
Images\Icon_Blaster1L.png	Images\Icon_블래스터1L.png
Images\Icon_Cloak.png	Images\Icon_은폐.png
Images\Icon_Cloak_Strat O.png	Images\Icon_은폐_Strat O.png
Images\Icon_Cloak_Strat.png	Images\Icon_은폐_Strat.png
Images\Icon_CloudGun1.png	Images\Icon_클라우드건1.png
Images\Icon_CloudGun1L.png	Images\Icon_클라우드건1L.png
Images\Icon_Device.png	Images\Icon_장치.png
Images\Icon_Device_Weapon.png	Images\Icon_장치_Weapon.png
Images\Icon_Engines.png	Images\Icon_엔진.png
Images\Icon_Eviscerator1.png	Images\Icon_적출기1.png
Images\Icon_Eviscerator1L.png	Images\Icon_적출기1L.png
Images\Icon_Extractor.png	Images\Icon_추출기.png
Images\Icon_ExtractorL.png	Images\Icon_추출기L.png
Images\Icon_Extractor_OLD.png	Images\Icon_추출기_OLD.png
Images\Icon_Grappler.png	Images\Icon_그래플러.png
Images\Icon_GrapplerL.png	Images\Icon_그래플러L.png
Images\Icon_Grenade.png	Images\Icon_수류탄.png
Images\Icon_GrenadeL.png	Images\Icon_수류탄L.png
Images\Icon_Hammer1.png	Images\Icon_망치1.png
Images\Icon_Hammer1L.png	Images\Icon_망치1L.png
Images\Icon_Knife1.png	Images\Icon_칼1.png
Images\Icon_Knife1L.png	Images\Icon_칼1L.png
Images\Icon_Launcher1.png	Images\Icon_런처1.png
Images\Icon_Launcher1L.png	Images\Icon_런처1L.png
Images\Icon_Pistol1.png	Images\Icon_권총1.png
Images\Icon_Pistol1L.png	Images\Icon_권총1L.png
Images\Icon_Reactor.png	Images\Icon_반응로.png
Images\Icon_Rifle1.png	Images\Icon_소총1.png
Images\Icon_Rifle1L.png	Images\Icon_소총1L.png
Images\Icon_Sensors.png	Images\Icon_센서.png
Images\Icon_Shield.png	Images\Icon_보호막.png
Images\Icon_Shotgun1.png	Images\Icon_산탄총1.png
Images\Icon_Shotgun1L.png	Images\Icon_산탄총1L.png
Images\Icon_Sniper1.png	Images\Icon_저격총1.png
Images\Icon_Sniper1L.png	Images\Icon_저격총1L.png
Images\Icon_Sword1.png	Images\Icon_검1.png
Images\Icon_Sword1L.png	Images\Icon_검1L.png
Images\Icon_Zapper1.png	Images\Icon_재퍼1.png
Images\Icon_Zapper1L.png	Images\Icon_재퍼1L.png
Images\Incentive.png	Images\동기 부여.png
Images\Inconspicuous Location.png	Images\눈에 띄지 않는 장소.png
Images\Infinity_Logo1 - BLACK BACK - small.png	Images\무한_Logo1 - BLACK BACK - small.png
Images\Infinity_Logo1.png	Images\무한_Logo1.png
Images\Install_Select1.png	Images\설치_Select1.png
Images\Install_Select2.png	Images\설치_Select2.png
Images\Install_UN_1.png	Images\설치_UN_1.png
Images\Install_UN_2.png	Images\설치_UN_2.png
Images\Ion Storm.png	Images\이온 폭풍.png
Images\Irradiated Planet.png	Images\방사능 행성.png
Images\Landscape\Alien_Landscape1.png	Images\Landscape\외계_Landscape1.png
Images\Landscape\Alien_Landscape10.png	Images\Landscape\외계_Landscape10.png
Images\Landscape\Alien_Landscape100.png	Images\Landscape\외계_Landscape100.png
Images\Landscape\Alien_Landscape101.png	Images\Landscape\외계_Landscape101.png
Images\Landscape\Alien_Landscape102.png	Images\Landscape\외계_Landscape102.png
Images\Landscape\Alien_Landscape103.png	Images\Landscape\외계_Landscape103.png
Images\Landscape\Alien_Landscape104.png	Images\Landscape\외계_Landscape104.png
Images\Landscape\Alien_Landscape105.png	Images\Landscape\외계_Landscape105.png
Images\Landscape\Alien_Landscape106.png	Images\Landscape\외계_Landscape106.png
Images\Landscape\Alien_Landscape107.png	Images\Landscape\외계_Landscape107.png
Images\Landscape\Alien_Landscape108.png	Images\Landscape\외계_Landscape108.png
Images\Landscape\Alien_Landscape109.png	Images\Landscape\외계_Landscape109.png
Images\Landscape\Alien_Landscape11.png	Images\Landscape\외계_Landscape11.png
Images\Landscape\Alien_Landscape110.png	Images\Landscape\외계_Landscape110.png
Images\Landscape\Alien_Landscape111.png	Images\Landscape\외계_Landscape111.png
Images\Landscape\Alien_Landscape112.png	Images\Landscape\외계_Landscape112.png
Images\Landscape\Alien_Landscape113.png	Images\Landscape\외계_Landscape113.png
Images\Landscape\Alien_Landscape114.png	Images\Landscape\외계_Landscape114.png
Images\Landscape\Alien_Landscape115.png	Images\Landscape\외계_Landscape115.png
Images\Landscape\Alien_Landscape116.png	Images\Landscape\외계_Landscape116.png
Images\Landscape\Alien_Landscape117.png	Images\Landscape\외계_Landscape117.png
Images\Landscape\Alien_Landscape118.png	Images\Landscape\외계_Landscape118.png
Images\Landscape\Alien_Landscape119.png	Images\Landscape\외계_Landscape119.png
Images\Landscape\Alien_Landscape12.png	Images\Landscape\외계_Landscape12.png
Images\Landscape\Alien_Landscape120.png	Images\Landscape\외계_Landscape120.png
Images\Landscape\Alien_Landscape121.png	Images\Landscape\외계_Landscape121.png
Images\Landscape\Alien_Landscape122.png	Images\Landscape\외계_Landscape122.png
Images\Landscape\Alien_Landscape123.png	Images\Landscape\외계_Landscape123.png
Images\Landscape\Alien_Landscape124.png	Images\Landscape\외계_Landscape124.png
Images\Landscape\Alien_Landscape125.png	Images\Landscape\외계_Landscape125.png
Images\Landscape\Alien_Landscape126.png	Images\Landscape\외계_Landscape126.png
Images\Landscape\Alien_Landscape127.png	Images\Landscape\외계_Landscape127.png
Images\Landscape\Alien_Landscape128.png	Images\Landscape\외계_Landscape128.png
Images\Landscape\Alien_Landscape129.png	Images\Landscape\외계_Landscape129.png
Images\Landscape\Alien_Landscape13.png	Images\Landscape\외계_Landscape13.png
Images\Landscape\Alien_Landscape130.png	Images\Landscape\외계_Landscape130.png
Images\Landscape\Alien_Landscape131.png	Images\Landscape\외계_Landscape131.png
Images\Landscape\Alien_Landscape132.png	Images\Landscape\외계_Landscape132.png
Images\Landscape\Alien_Landscape133.png	Images\Landscape\외계_Landscape133.png
Images\Landscape\Alien_Landscape134.png	Images\Landscape\외계_Landscape134.png
Images\Landscape\Alien_Landscape135.png	Images\Landscape\외계_Landscape135.png
Images\Landscape\Alien_Landscape136.png	Images\Landscape\외계_Landscape136.png
Images\Landscape\Alien_Landscape137.png	Images\Landscape\외계_Landscape137.png
Images\Landscape\Alien_Landscape138.png	Images\Landscape\외계_Landscape138.png
Images\Landscape\Alien_Landscape139.png	Images\Landscape\외계_Landscape139.png
Images\Landscape\Alien_Landscape14.png	Images\Landscape\외계_Landscape14.png
Images\Landscape\Alien_Landscape140.png	Images\Landscape\외계_Landscape140.png
Images\Landscape\Alien_Landscape141.png	Images\Landscape\외계_Landscape141.png
Images\Landscape\Alien_Landscape142.png	Images\Landscape\외계_Landscape142.png
Images\Landscape\Alien_Landscape143.png	Images\Landscape\외계_Landscape143.png
Images\Landscape\Alien_Landscape144.png	Images\Landscape\외계_Landscape144.png
Images\Landscape\Alien_Landscape145.png	Images\Landscape\외계_Landscape145.png
Images\Landscape\Alien_Landscape146.png	Images\Landscape\외계_Landscape146.png
Images\Landscape\Alien_Landscape147.png	Images\Landscape\외계_Landscape147.png
Images\Landscape\Alien_Landscape15.png	Images\Landscape\외계_Landscape15.png
Images\Landscape\Alien_Landscape16.png	Images\Landscape\외계_Landscape16.png
Images\Landscape\Alien_Landscape17.png	Images\Landscape\외계_Landscape17.png
Images\Landscape\Alien_Landscape18.png	Images\Landscape\외계_Landscape18.png
Images\Landscape\Alien_Landscape19.png	Images\Landscape\외계_Landscape19.png
Images\Landscape\Alien_Landscape2.png	Images\Landscape\외계_Landscape2.png
Images\Landscape\Alien_Landscape20.png	Images\Landscape\외계_Landscape20.png
Images\Landscape\Alien_Landscape21.png	Images\Landscape\외계_Landscape21.png
Images\Landscape\Alien_Landscape22.png	Images\Landscape\외계_Landscape22.png
Images\Landscape\Alien_Landscape23.png	Images\Landscape\외계_Landscape23.png
Images\Landscape\Alien_Landscape24.png	Images\Landscape\외계_Landscape24.png
Images\Landscape\Alien_Landscape25.png	Images\Landscape\외계_Landscape25.png
Images\Landscape\Alien_Landscape26.png	Images\Landscape\외계_Landscape26.png
Images\Landscape\Alien_Landscape27.png	Images\Landscape\외계_Landscape27.png
Images\Landscape\Alien_Landscape28.png	Images\Landscape\외계_Landscape28.png
Images\Landscape\Alien_Landscape29.png	Images\Landscape\외계_Landscape29.png
Images\Landscape\Alien_Landscape3.png	Images\Landscape\외계_Landscape3.png
Images\Landscape\Alien_Landscape30.png	Images\Landscape\외계_Landscape30.png
Images\Landscape\Alien_Landscape31.png	Images\Landscape\외계_Landscape31.png
Images\Landscape\Alien_Landscape32.png	Images\Landscape\외계_Landscape32.png
Images\Landscape\Alien_Landscape33.png	Images\Landscape\외계_Landscape33.png
Images\Landscape\Alien_Landscape34.png	Images\Landscape\외계_Landscape34.png
Images\Landscape\Alien_Landscape35.png	Images\Landscape\외계_Landscape35.png
Images\Landscape\Alien_Landscape36.png	Images\Landscape\외계_Landscape36.png
Images\Landscape\Alien_Landscape37.png	Images\Landscape\외계_Landscape37.png
Images\Landscape\Alien_Landscape38.png	Images\Landscape\외계_Landscape38.png
Images\Landscape\Alien_Landscape39.png	Images\Landscape\외계_Landscape39.png
Images\Landscape\Alien_Landscape4.png	Images\Landscape\외계_Landscape4.png
Images\Landscape\Alien_Landscape40.png	Images\Landscape\외계_Landscape40.png
Images\Landscape\Alien_Landscape41.png	Images\Landscape\외계_Landscape41.png
Images\Landscape\Alien_Landscape42.png	Images\Landscape\외계_Landscape42.png
Images\Landscape\Alien_Landscape43.png	Images\Landscape\외계_Landscape43.png
Images\Landscape\Alien_Landscape44.png	Images\Landscape\외계_Landscape44.png
Images\Landscape\Alien_Landscape45.png	Images\Landscape\외계_Landscape45.png
Images\Landscape\Alien_Landscape46.png	Images\Landscape\외계_Landscape46.png
Images\Landscape\Alien_Landscape47.png	Images\Landscape\외계_Landscape47.png
Images\Landscape\Alien_Landscape48.png	Images\Landscape\외계_Landscape48.png
Images\Landscape\Alien_Landscape49.png	Images\Landscape\외계_Landscape49.png
Images\Landscape\Alien_Landscape5.png	Images\Landscape\외계_Landscape5.png
Images\Landscape\Alien_Landscape50.png	Images\Landscape\외계_Landscape50.png
Images\Landscape\Alien_Landscape51.png	Images\Landscape\외계_Landscape51.png
Images\Landscape\Alien_Landscape52.png	Images\Landscape\외계_Landscape52.png
Images\Landscape\Alien_Landscape53.png	Images\Landscape\외계_Landscape53.png
Images\Landscape\Alien_Landscape54.png	Images\Landscape\외계_Landscape54.png
Images\Landscape\Alien_Landscape55.png	Images\Landscape\외계_Landscape55.png
Images\Landscape\Alien_Landscape56.png	Images\Landscape\외계_Landscape56.png
Images\Landscape\Alien_Landscape57.png	Images\Landscape\외계_Landscape57.png
Images\Landscape\Alien_Landscape58.png	Images\Landscape\외계_Landscape58.png
Images\Landscape\Alien_Landscape59.png	Images\Landscape\외계_Landscape59.png
Images\Landscape\Alien_Landscape6.png	Images\Landscape\외계_Landscape6.png
Images\Landscape\Alien_Landscape60.png	Images\Landscape\외계_Landscape60.png
Images\Landscape\Alien_Landscape61.png	Images\Landscape\외계_Landscape61.png
Images\Landscape\Alien_Landscape62.png	Images\Landscape\외계_Landscape62.png
Images\Landscape\Alien_Landscape63.png	Images\Landscape\외계_Landscape63.png
Images\Landscape\Alien_Landscape64.png	Images\Landscape\외계_Landscape64.png
Images\Landscape\Alien_Landscape65.png	Images\Landscape\외계_Landscape65.png
Images\Landscape\Alien_Landscape66.png	Images\Landscape\외계_Landscape66.png
Images\Landscape\Alien_Landscape67.png	Images\Landscape\외계_Landscape67.png
Images\Landscape\Alien_Landscape68.png	Images\Landscape\외계_Landscape68.png
Images\Landscape\Alien_Landscape69.png	Images\Landscape\외계_Landscape69.png
Images\Landscape\Alien_Landscape7.png	Images\Landscape\외계_Landscape7.png
Images\Landscape\Alien_Landscape70.png	Images\Landscape\외계_Landscape70.png
Images\Landscape\Alien_Landscape71.png	Images\Landscape\외계_Landscape71.png
Images\Landscape\Alien_Landscape72.png	Images\Landscape\외계_Landscape72.png
Images\Landscape\Alien_Landscape73.png	Images\Landscape\외계_Landscape73.png
Images\Landscape\Alien_Landscape74.png	Images\Landscape\외계_Landscape74.png
Images\Landscape\Alien_Landscape75.png	Images\Landscape\외계_Landscape75.png
Images\Landscape\Alien_Landscape76.png	Images\Landscape\외계_Landscape76.png
Images\Landscape\Alien_Landscape77.png	Images\Landscape\외계_Landscape77.png
Images\Landscape\Alien_Landscape78.png	Images\Landscape\외계_Landscape78.png
Images\Landscape\Alien_Landscape79.png	Images\Landscape\외계_Landscape79.png
Images\Landscape\Alien_Landscape8.png	Images\Landscape\외계_Landscape8.png
Images\Landscape\Alien_Landscape80.png	Images\Landscape\외계_Landscape80.png
Images\Landscape\Alien_Landscape81.png	Images\Landscape\외계_Landscape81.png
Images\Landscape\Alien_Landscape82.png	Images\Landscape\외계_Landscape82.png
Images\Landscape\Alien_Landscape83.png	Images\Landscape\외계_Landscape83.png
Images\Landscape\Alien_Landscape84.png	Images\Landscape\외계_Landscape84.png
Images\Landscape\Alien_Landscape85.png	Images\Landscape\외계_Landscape85.png
Images\Landscape\Alien_Landscape86.png	Images\Landscape\외계_Landscape86.png
Images\Landscape\Alien_Landscape87.png	Images\Landscape\외계_Landscape87.png
Images\Landscape\Alien_Landscape88.png	Images\Landscape\외계_Landscape88.png
Images\Landscape\Alien_Landscape89.png	Images\Landscape\외계_Landscape89.png
Images\Landscape\Alien_Landscape9.png	Images\Landscape\외계_Landscape9.png
Images\Landscape\Alien_Landscape90.png	Images\Landscape\외계_Landscape90.png
Images\Landscape\Alien_Landscape91.png	Images\Landscape\외계_Landscape91.png
Images\Landscape\Alien_Landscape92.png	Images\Landscape\외계_Landscape92.png
Images\Landscape\Alien_Landscape93.png	Images\Landscape\외계_Landscape93.png
Images\Landscape\Alien_Landscape94.png	Images\Landscape\외계_Landscape94.png
Images\Landscape\Alien_Landscape95.png	Images\Landscape\외계_Landscape95.png
Images\Landscape\Alien_Landscape96.png	Images\Landscape\외계_Landscape96.png
Images\Landscape\Alien_Landscape97.png	Images\Landscape\외계_Landscape97.png
Images\Landscape\Alien_Landscape98.png	Images\Landscape\외계_Landscape98.png
Images\Landscape\Alien_Landscape99.png	Images\Landscape\외계_Landscape99.png
Images\Laser_Beam_Horizontal no flip.png	Images\레이저_Beam_Horizontal no flip.png
Images\Laser_Beam_Horizontal.png	Images\레이저_Beam_Horizontal.png
Images\Laser_Beam_Vertical no flip.png	Images\레이저_Beam_Vertical no flip.png
Images\Laser_Beam_Vertical.png	Images\레이저_Beam_Vertical.png
Images\Laser_Gate_Horizontal.png	Images\레이저_Gate_Horizontal.png
Images\Laser_Gate_Horizontal2.png	Images\레이저_Gate_Horizontal2.png
Images\Laser_Gate_Vertical.png	Images\레이저_Gate_Vertical.png
Images\Laser_Gate_Vertical2.png	Images\레이저_Gate_Vertical2.png
Images\Lava.png	Images\용암.png
Images\Level_Up.png	Images\레벨_Up.png
Images\Lifeforms.png	Images\생명체.png
Images\Limoquee Spaceholme.png	Images\리모퀴 우주 거주지.png
Images\Liquid Metal.png	Images\액체 금속.png
Images\Locker_Closed.png	Images\사물함_Closed.png
Images\Locker_Open.png	Images\사물함_Open.png
Images\Loot_Beaker_Blue.png	Images\전리품_Beaker_Blue.png
Images\Loot_Beaker_Clear.png	Images\전리품_Beaker_Clear.png
Images\Loot_Beaker_Gold.png	Images\전리품_Beaker_Gold.png
Images\Loot_Beaker_Green.png	Images\전리품_Beaker_Green.png
Images\Loot_Beaker_Purple.png	Images\전리품_Beaker_Purple.png
Images\Loot_Beaker_Red.png	Images\전리품_Beaker_Red.png
Images\Loot_Cybernetics1b.png	Images\전리품_Cybernetics1b.png
Images\Loot_FootClue.png	Images\전리품_FootClue.png
Images\Loot_Icon_Art.png	Images\전리품_Icon_Art.png
Images\Loot_Icon_BioChem.png	Images\전리품_Icon_BioChem.png
Images\Loot_Icon_Blank.png	Images\전리품_Icon_Blank.png
Images\Loot_Icon_Blank_84.png	Images\전리품_Icon_Blank_84.png
Images\Loot_Icon_Blank_96.png	Images\전리품_Icon_Blank_96.png
Images\Loot_Icon_Bones.png	Images\전리품_Icon_Bones.png
Images\Loot_Icon_Books.png	Images\전리품_Icon_Books.png
Images\Loot_Icon_Botanical.png	Images\전리품_Icon_Botanical.png
Images\Loot_Icon_Clothes.png	Images\전리품_Icon_Clothes.png
Images\Loot_Icon_Crafting_Manual.png	Images\전리품_Icon_Crafting_Manual.png
Images\Loot_Icon_DNA.png	Images\전리품_Icon_DNA.png
Images\Loot_Icon_Food.png	Images\전리품_Icon_Food.png
Images\Loot_Icon_Lifepod.png	Images\전리품_Icon_Lifepod.png
Images\Loot_Icon_Map A.png	Images\전리품_Icon_Map A.png
Images\Loot_Icon_Map.png	Images\전리품_Icon_Map.png
Images\Loot_Icon_Medical.png	Images\전리품_Icon_Medical.png
Images\Loot_Icon_Medkit.png	Images\전리품_Icon_Medkit.png
Images\Loot_Icon_Misc.png	Images\전리품_Icon_Misc.png
Images\Loot_Icon_Notes.png	Images\전리품_Icon_Notes.png
Images\Loot_Icon_Officer1.png	Images\전리품_Icon_Officer1.png
Images\Loot_Icon_Officer2.png	Images\전리품_Icon_Officer2.png
Images\Loot_Icon_Officer4.png	Images\전리품_Icon_Officer4.png
Images\Loot_Icon_Officer42.png	Images\전리품_Icon_Officer42.png
Images\Loot_Icon_Plant_1.png	Images\전리품_Icon_Plant_1.png
Images\Loot_Icon_Plant_2.png	Images\전리품_Icon_Plant_2.png
Images\Loot_Icon_Plant_3.png	Images\전리품_Icon_Plant_3.png
Images\Loot_Icon_Plant_4.png	Images\전리품_Icon_Plant_4.png
Images\Loot_Icon_Plant_5.png	Images\전리품_Icon_Plant_5.png
Images\Loot_Icon_Plant_6.png	Images\전리품_Icon_Plant_6.png
Images\Loot_Icon_Puzzle_Cube.png	Images\전리품_Icon_Puzzle_Cube.png
Images\Loot_Icon_RadioactiveWaste.png	Images\전리품_Icon_RadioactiveWaste.png
Images\Loot_Icon_Recording.png	Images\전리품_Icon_Recording.png
Images\Loot_Icon_Recording2.png	Images\전리품_Icon_Recording2.png
Images\Loot_Icon_RefinedOre.png	Images\전리품_Icon_RefinedOre.png
Images\Loot_Icon_SpatialAnomaly.png	Images\전리품_Icon_SpatialAnomaly.png
Images\Loot_Icon_SpatialAnomaly2.png	Images\전리품_Icon_SpatialAnomaly2.png
Images\Loot_Icon_Species.png	Images\전리품_Icon_Species.png
Images\Loot_Icon_Treasure.png	Images\전리품_Icon_Treasure.png
Images\Loot_Icon_Uniform.png	Images\전리품_Icon_Uniform.png
Images\Loot_Icon_Volatiles.png	Images\전리품_Icon_Volatiles.png
Images\Loot_Icon_bag.png	Images\전리품_Icon_bag.png
Images\Loot_Icon_critters.png	Images\전리품_Icon_critters.png
Images\Loot_Icon_key.png	Images\전리품_Icon_key.png
Images\Loot_Icon_metals.png	Images\전리품_Icon_metals.png
Images\Loot_Icon_relic.png	Images\전리품_Icon_relic.png
Images\Loot_Icon_relic_chalice.png	Images\전리품_Icon_relic_chalice.png
Images\Loot_Icon_relic_scroll.png	Images\전리품_Icon_relic_scroll.png
Images\Loot_Icon_relic_statue.png	Images\전리품_Icon_relic_statue.png
Images\Loot_Icon_relic_tablet.png	Images\전리품_Icon_relic_tablet.png
Images\Loot_Icon_tracks.png	Images\전리품_Icon_tracks.png
Images\Loot_Officer_XP.png	Images\전리품_Officer_XP.png
Images\Loot_RFTSS.png	Images\전리품_RFTSS.png
Images\Loot_ToolBox.png	Images\전리품_ToolBox.png
Images\Loot_Tools.png	Images\전리품_Tools.png
Images\Loot_Weapon.png	Images\전리품_Weapon.png
Images\Melee\Melee_Hammer1.png	Images\Melee\Melee_망치1.png
Images\Melee\Melee_Hammer1L.png	Images\Melee\Melee_망치1L.png
Images\Melee\Melee_Hammer2.png	Images\Melee\Melee_망치2.png
Images\Melee\Melee_Hammer2L.png	Images\Melee\Melee_망치2L.png
Images\Melee\Melee_Hammer3.png	Images\Melee\Melee_망치3.png
Images\Melee\Melee_Hammer3L.png	Images\Melee\Melee_망치3L.png
Images\Melee\Melee_Hammer4.png	Images\Melee\Melee_망치4.png
Images\Melee\Melee_Hammer4L.png	Images\Melee\Melee_망치4L.png
Images\Melee\Melee_Hammer5.png	Images\Melee\Melee_망치5.png
Images\Melee\Melee_Hammer5L.png	Images\Melee\Melee_망치5L.png
Images\Melee\Melee_Knife1.png	Images\Melee\Melee_칼1.png
Images\Melee\Melee_Knife1L.png	Images\Melee\Melee_칼1L.png
Images\Melee\Melee_Knife2.png	Images\Melee\Melee_칼2.png
Images\Melee\Melee_Knife2L.png	Images\Melee\Melee_칼2L.png
Images\Melee\Melee_Knife3.png	Images\Melee\Melee_칼3.png
Images\Melee\Melee_Knife3L.png	Images\Melee\Melee_칼3L.png
Images\Melee\Melee_Knife4.png	Images\Melee\Melee_칼4.png
Images\Melee\Melee_Knife4L.png	Images\Melee\Melee_칼4L.png
Images\Melee\Melee_Knife5.png	Images\Melee\Melee_칼5.png
Images\Melee\Melee_Knife6L.png	Images\Melee\Melee_칼6L.png
Images\Melee\Melee_Sword1.png	Images\Melee\Melee_검1.png
Images\Melee\Melee_Sword1L.png	Images\Melee\Melee_검1L.png
Images\Melee\Melee_Sword2.png	Images\Melee\Melee_검2.png
Images\Melee\Melee_Sword2L.png	Images\Melee\Melee_검2L.png
Images\Melee\Melee_Sword3.png	Images\Melee\Melee_검3.png
Images\Melee\Melee_Sword3L.png	Images\Melee\Melee_검3L.png
Images\Melee\Melee_Sword4.png	Images\Melee\Melee_검4.png
Images\Melee\Melee_Sword4L.png	Images\Melee\Melee_검4L.png
Images\Melee\Melee_Sword5.png	Images\Melee\Melee_검5.png
Images\Melee\Melee_Sword5L.png	Images\Melee\Melee_검5L.png
Images\Merc Station.png	Images\용병 정거장.png
Images\Meteor.png	Images\유성.png
Images\Mine Field.png	Images\기뢰 지대.png
Images\Mineral Sample.png	Images\광물 샘플.png
Images\Missile_Ab.png	Images\미사일_Ab.png
Images\Missile_Bb.png	Images\미사일_Bb.png
Images\Missile_Cb.png	Images\미사일_Cb.png
Images\Missile_F2b.png	Images\미사일_F2b.png
Images\Molten Planet.png	Images\용융 행성.png
Images\Monsters\A_Bat.png	Images\Monsters\박쥐.png
Images\Monsters\A_Bat2.png	Images\Monsters\박쥐2.png
Images\Monsters\A_Bat_boss.png	Images\Monsters\박쥐_boss.png
Images\Monsters\A_Bat_boss2.png	Images\Monsters\박쥐_boss2.png
Images\Monsters\A_Bloody Rabbit.png	Images\Monsters\살인 토끼.png
Images\Monsters\A_Bloody Rabbit2.png	Images\Monsters\살인 토끼2.png
Images\Monsters\A_Bloody Rabbit_Boss.png	Images\Monsters\살인 토끼_Boss.png
Images\Monsters\A_Bloody Rabbit_Boss2.png	Images\Monsters\살인 토끼_Boss2.png
Images\Monsters\A_Gnasher.png	Images\Monsters\그내셔.png
Images\Monsters\A_Gnasher2.png	Images\Monsters\그내셔2.png
Images\Monsters\A_Gnasher_boss.png	Images\Monsters\그내셔_boss.png
Images\Monsters\A_Gnasher_boss2.png	Images\Monsters\그내셔_boss2.png
Images\Monsters\A_Hive.png	Images\Monsters\곤충 둥지.png
Images\Monsters\A_Hive2.png	Images\Monsters\곤충 둥지2.png
Images\Monsters\A_Hive_Boss.png	Images\Monsters\곤충 둥지_Boss.png
Images\Monsters\A_Hive_Boss2.png	Images\Monsters\곤충 둥지_Boss2.png
Images\Monsters\A_InsaneAcolyte.png	Images\Monsters\미치광이 수행자.png
Images\Monsters\A_InsaneAcolyte2.png	Images\Monsters\미치광이 수행자2.png
Images\Monsters\A_InsaneAcolyte_boss.png	Images\Monsters\미치광이 수행자_boss.png
Images\Monsters\A_InsaneAcolyte_boss2.png	Images\Monsters\미치광이 수행자_boss2.png
Images\Monsters\A_Monster1.png	Images\Monsters\외눈박이.png
Images\Monsters\A_Monster12.png	Images\Monsters\외눈박이2.png
Images\Monsters\A_Monster1_boss.png	Images\Monsters\외눈박이_boss.png
Images\Monsters\A_Monster1_boss2.png	Images\Monsters\외눈박이_boss2.png
Images\Monsters\A_Monster2.png	Images\Monsters\젤라틴 덩어리.png
Images\Monsters\A_Monster22.png	Images\Monsters\젤라틴 덩어리2.png
Images\Monsters\A_Monster2_boss.png	Images\Monsters\젤라틴 덩어리_boss.png
Images\Monsters\A_Monster2_boss2.png	Images\Monsters\젤라틴 덩어리_boss2.png
Images\Monsters\A_QueenStinger.png	Images\Monsters\여왕 독침벌.png
Images\Monsters\A_QueenStinger2.png	Images\Monsters\여왕 독침벌2.png
Images\Monsters\A_QueenStinger_Boss.png	Images\Monsters\여왕 독침벌_Boss.png
Images\Monsters\A_QueenStinger_Boss2.png	Images\Monsters\여왕 독침벌_Boss2.png
Images\Monsters\A_Scorpid.png	Images\Monsters\스코피드.png
Images\Monsters\A_Scorpid2.png	Images\Monsters\스코피드2.png
Images\Monsters\A_Scorpid_Boss.png	Images\Monsters\스코피드_Boss.png
Images\Monsters\A_Scorpid_Boss2.png	Images\Monsters\스코피드_Boss2.png
Images\Monsters\A_Snake.png	Images\Monsters\바이퍼.png
Images\Monsters\A_Snake2.png	Images\Monsters\바이퍼2.png
Images\Monsters\A_Snake_boss.png	Images\Monsters\바이퍼_boss.png
Images\Monsters\A_Snake_boss2.png	Images\Monsters\바이퍼_boss2.png
Images\Monsters\A_SpaceFlea.png	Images\Monsters\성운 벼룩.png
Images\Monsters\A_SpaceFlea2.png	Images\Monsters\성운 벼룩2.png
Images\Monsters\A_SpaceFlea_Boss.png	Images\Monsters\성운 벼룩_Boss.png
Images\Monsters\A_SpaceFlea_Boss2.png	Images\Monsters\성운 벼룩_Boss2.png
Images\Monsters\A_Spider.png	Images\Monsters\곤충형.png
Images\Monsters\A_Spider2.png	Images\Monsters\곤충형2.png
Images\Monsters\A_Spider_boss.png	Images\Monsters\곤충형_boss.png
Images\Monsters\A_Spider_boss2.png	Images\Monsters\곤충형_boss2.png
Images\Monsters\A_Sponge.png	Images\Monsters\해면.png
Images\Monsters\A_Sponge2.png	Images\Monsters\해면2.png
Images\Monsters\A_Sponge_boss.png	Images\Monsters\해면_boss.png
Images\Monsters\A_Sponge_boss2.png	Images\Monsters\해면_boss2.png
Images\Monsters\A_SquitherLarva.png	Images\Monsters\스퀴더 유충.png
Images\Monsters\A_SquitherLarva2.png	Images\Monsters\스퀴더 유충2.png
Images\Monsters\A_SquitherLarva_boss.png	Images\Monsters\스퀴더 유충_boss.png
Images\Monsters\A_SquitherLarva_boss2.png	Images\Monsters\스퀴더 유충_boss2.png
Images\Monsters\A_Swarm.png	Images\Monsters\곤충 떼.png
Images\Monsters\A_Swarm2.png	Images\Monsters\곤충 떼2.png
Images\Monsters\A_Swarm_bee.png	Images\Monsters\곤충 떼_bee.png
Images\Monsters\A_Swarm_bee.png	Images\Monsters\섬광 벌.png
Images\Monsters\A_Swarm_bee2.png	Images\Monsters\곤충 떼_bee2.png
Images\Monsters\A_Swarm_bee2.png	Images\Monsters\섬광 벌2.png
Images\Monsters\A_Swarm_bee_Boss.png	Images\Monsters\섬광 벌_Boss.png
Images\Monsters\A_Swarm_bee_Boss2.png	Images\Monsters\섬광 벌_Boss2.png
Images\Monsters\A_Swarm_boss.png	Images\Monsters\곤충 떼_boss.png
Images\Monsters\A_Swarm_boss2.png	Images\Monsters\곤충 떼_boss2.png
Images\Monsters\A_Tick.png	Images\Monsters\진드기.png
Images\Monsters\A_Tick2.png	Images\Monsters\진드기2.png
Images\Monsters\A_Tick_Boss.png	Images\Monsters\진드기_Boss.png
Images\Monsters\A_Tick_Boss2.png	Images\Monsters\진드기_Boss2.png
Images\Monsters\A_Zombie.png	Images\Monsters\좀비.png
Images\Monsters\A_Zombie2.png	Images\Monsters\좀비2.png
Images\Monsters\A_Zombie_boss.png	Images\Monsters\좀비_boss.png
Images\Monsters\A_Zombie_boss2.png	Images\Monsters\좀비_boss2.png
Images\Monsters\A_weaver.png	Images\Monsters\수정 직조충.png
Images\Monsters\A_weaver2.png	Images\Monsters\수정 직조충2.png
Images\Monsters\A_weaver_Boss.png	Images\Monsters\수정 직조충_Boss.png
Images\Monsters\A_weaver_Boss2.png	Images\Monsters\수정 직조충_Boss2.png
Images\Monsters\Alien_npc.png	Images\Monsters\외계_npc.png
Images\Monsters\Alien_npc2.png	Images\Monsters\외계_npc2.png
Images\Monsters\Alien_npc_BY.png	Images\Monsters\외계_npc_BY.png
Images\Monsters\Alien_npc_BY2.png	Images\Monsters\외계_npc_BY2.png
Images\Monsters\Alien_npc_PO.png	Images\Monsters\외계_npc_PO.png
Images\Monsters\Alien_npc_PO.png	Images\Monsters\지적 원주민.png
Images\Monsters\Alien_npc_PO2.png	Images\Monsters\외계_npc_PO2.png
Images\Monsters\Alien_npc_PO2.png	Images\Monsters\지적 원주민2.png
Images\Monsters\Allikudzu.png	Images\Monsters\알리쿠즈.png
Images\Monsters\Allikudzu2.png	Images\Monsters\알리쿠즈2.png
Images\Monsters\Allikudzu_boss.png	Images\Monsters\알리쿠즈_boss.png
Images\Monsters\Allikudzu_boss2.png	Images\Monsters\알리쿠즈_boss2.png
Images\Monsters\Amoeba.png	Images\Monsters\진공 아메바.png
Images\Monsters\Amoeba2.png	Images\Monsters\진공 아메바2.png
Images\Monsters\Amoeba_Boss.png	Images\Monsters\진공 아메바_Boss.png
Images\Monsters\Amoeba_Boss2.png	Images\Monsters\진공 아메바_Boss2.png
Images\Monsters\Arboleax.png	Images\Monsters\아르볼렉스.png
Images\Monsters\Arboleax2.png	Images\Monsters\아르볼렉스2.png
Images\Monsters\Arboleax_Boss.png	Images\Monsters\아르볼렉스_Boss.png
Images\Monsters\Arboleax_Boss2.png	Images\Monsters\아르볼렉스_Boss2.png
Images\Monsters\Banker Carrier.png	Images\Monsters\뱅커 항모.png
Images\Monsters\Banker Carrier_boss.png	Images\Monsters\뱅커 항모_boss.png
Images\Monsters\Banker Distribution Center.png	Images\Monsters\뱅커 유통 센터.png
Images\Monsters\Banker Hater B.png	Images\Monsters\뱅커 혐오자.png
Images\Monsters\Banker Mining Station.png	Images\Monsters\뱅커 채굴 정거장.png
Images\Monsters\Banker Monitor.png	Images\Monsters\뱅커 감시선.png
Images\Monsters\Banker Mutant.png	Images\Monsters\뱅커 돌연변이.png
Images\Monsters\Banker Mutant2.png	Images\Monsters\뱅커 돌연변이2.png
Images\Monsters\Banker Mutant_boss.png	Images\Monsters\뱅커 돌연변이_boss.png
Images\Monsters\Banker Mutant_boss2.png	Images\Monsters\뱅커 돌연변이_boss2.png
Images\Monsters\Banker Patrol.png	Images\Monsters\뱅커 요격선.png
Images\Monsters\Banker Patrol_Boss.png	Images\Monsters\뱅커 요격선_Boss.png
Images\Monsters\Banker Security Droid a_alt.png	Images\Monsters\뱅커 경비 드로이드.png
Images\Monsters\Banker Security Droid a_alt2.png	Images\Monsters\뱅커 경비 드로이드2.png
Images\Monsters\Banker Transgalactic.png	Images\Monsters\은하 횡단 정거장.png
Images\Monsters\Banker Tug.png	Images\Monsters\뱅커 예인선.png
Images\Monsters\Banker Tug_boss.png	Images\Monsters\뱅커 예인선_boss.png
Images\Monsters\Banker War-Station.png	Images\Monsters\뱅커 전투 정거장.png
Images\Monsters\Banker War-Station2.png	Images\Monsters\뱅커 전투 정거장2.png
Images\Monsters\Banker Warship.png	Images\Monsters\뱅커 전함.png
Images\Monsters\Banker Warship_Boss.png	Images\Monsters\뱅커 전함_Boss.png
Images\Monsters\BankerSoldier.png	Images\Monsters\뱅커 병사.png
Images\Monsters\BankerSoldier2.png	Images\Monsters\뱅커 병사2.png
Images\Monsters\BankerSoldier_Boss.png	Images\Monsters\뱅커 병사_Boss.png
Images\Monsters\BankerSoldier_Boss2.png	Images\Monsters\뱅커 병사_Boss2.png
Images\Monsters\BankerStripminerB.png	Images\Monsters\뱅커 노천 채굴선.png
Images\Monsters\BankerStripminerB2.png	Images\Monsters\뱅커 노천 채굴선2.png
Images\Monsters\BankerStripminerB_Boss.png	Images\Monsters\뱅커 노천 채굴선_Boss.png
Images\Monsters\BankerStripminerB_Boss2.png	Images\Monsters\뱅커 노천 채굴선_Boss2.png
Images\Monsters\Banker_Boss_HaterC.png	Images\Monsters\뱅커_Boss_HaterC.png
Images\Monsters\Banker_Boss_Monitor.png	Images\Monsters\뱅커_Boss_Monitor.png
Images\Monsters\Banker_Hater B_Boss.png	Images\Monsters\뱅커_Hater B_Boss.png
Images\Monsters\Bannog.png	Images\Monsters\카에르반.png
Images\Monsters\Bannog2.png	Images\Monsters\카에르반2.png
Images\Monsters\Bannog_Boss.png	Images\Monsters\카에르반_Boss.png
Images\Monsters\Bannog_Boss2.png	Images\Monsters\카에르반_Boss2.png
Images\Monsters\Beeker.png	Images\Monsters\비커.png
Images\Monsters\Beeker2.png	Images\Monsters\비커2.png
Images\Monsters\Beeker_boss.png	Images\Monsters\비커_boss.png
Images\Monsters\Beeker_boss2.png	Images\Monsters\비커_boss2.png
Images\Monsters\Bitterbite.png	Images\Monsters\쓴물이.png
Images\Monsters\Bitterbite2.png	Images\Monsters\쓴물이2.png
Images\Monsters\Bitterbite_Boss.png	Images\Monsters\쓴물이_Boss.png
Images\Monsters\Bitterbite_Boss2.png	Images\Monsters\쓴물이_Boss2.png
Images\Monsters\Blinkhopper.png	Images\Monsters\블링크호퍼.png
Images\Monsters\Blinkhopper2.png	Images\Monsters\블링크호퍼2.png
Images\Monsters\Blinkhopper_Boss.png	Images\Monsters\블링크호퍼_Boss.png
Images\Monsters\Blinkhopper_Boss2.png	Images\Monsters\블링크호퍼_Boss2.png
Images\Monsters\BlueGribbit.png	Images\Monsters\그리빗.png
Images\Monsters\BlueGribbit2.png	Images\Monsters\그리빗2.png
Images\Monsters\BlueGribbit_Boss.png	Images\Monsters\그리빗_Boss.png
Images\Monsters\BlueGribbit_Boss2.png	Images\Monsters\그리빗_Boss2.png
Images\Monsters\Bryozoan.png	Images\Monsters\이끼벌레.png
Images\Monsters\Bryozoan2.png	Images\Monsters\이끼벌레2.png
Images\Monsters\Buccarana.png	Images\Monsters\부카라나.png
Images\Monsters\Buccarana2.png	Images\Monsters\부카라나2.png
Images\Monsters\Buccarana_Boss.png	Images\Monsters\부카라나_Boss.png
Images\Monsters\Buccarana_Boss2.png	Images\Monsters\부카라나_Boss2.png
Images\Monsters\Bunny.png	Images\Monsters\토끼.png
Images\Monsters\Bunny2.png	Images\Monsters\토끼2.png
Images\Monsters\Bunny_boss.png	Images\Monsters\토끼_boss.png
Images\Monsters\Bunny_boss2.png	Images\Monsters\토끼_boss2.png
Images\Monsters\Burning Blob.png	Images\Monsters\불타는 정수.png
Images\Monsters\Burning Blob2.png	Images\Monsters\불타는 정수2.png
Images\Monsters\Burning Blob_Boss.png	Images\Monsters\불타는 정수_Boss.png
Images\Monsters\Burning Blob_Boss2.png	Images\Monsters\불타는 정수_Boss2.png
Images\Monsters\Carnivorous Plant.png	Images\Monsters\식충 식물.png
Images\Monsters\Carnivorous Plant2.png	Images\Monsters\식충 식물2.png
Images\Monsters\Carnivorous Plant_boss.png	Images\Monsters\식충 식물_boss.png
Images\Monsters\Carnivorous Plant_boss2.png	Images\Monsters\식충 식물_boss2.png
Images\Monsters\CaveMonster.png	Images\Monsters\예노그.png
Images\Monsters\CaveMonster2.png	Images\Monsters\예노그2.png
Images\Monsters\CaveMonster_Boss.png	Images\Monsters\예노그_Boss.png
Images\Monsters\CaveMonster_Boss2.png	Images\Monsters\예노그_Boss2.png
Images\Monsters\Criminal.png	Images\Monsters\범죄자.png
Images\Monsters\Criminal.png	Images\Monsters\블랙 바트.png
Images\Monsters\Criminal2.png	Images\Monsters\블랙 바트2.png
Images\Monsters\Criminal_boss.png	Images\Monsters\범죄자_boss.png
Images\Monsters\Criminal_boss.png	Images\Monsters\블랙 바트_boss.png
Images\Monsters\Criminal_boss2.png	Images\Monsters\범죄자_boss2.png
Images\Monsters\Criminal_boss2.png	Images\Monsters\블랙 바트_boss2.png
Images\Monsters\CrystalMonster.png	Images\Monsters\수정 생명체.png
Images\Monsters\CrystalMonster2.png	Images\Monsters\수정 생명체2.png
Images\Monsters\CrystalMonster_boss.png	Images\Monsters\수정 생명체_boss.png
Images\Monsters\CrystalMonster_boss2.png	Images\Monsters\수정 생명체_boss2.png
Images\Monsters\Crystal_Construct.png	Images\Monsters\수정 수호자.png
Images\Monsters\Crystal_Construct.png	Images\Monsters\수정_Construct.png
Images\Monsters\Crystal_Construct2.png	Images\Monsters\수정 수호자2.png
Images\Monsters\Crystal_Construct2.png	Images\Monsters\수정_Construct2.png
Images\Monsters\Cyberghast.png	Images\Monsters\사이버가스트.png
Images\Monsters\Cyberghast2.png	Images\Monsters\사이버가스트2.png
Images\Monsters\Cyberghast_boss.png	Images\Monsters\사이버가스트_boss.png
Images\Monsters\Cyberghast_boss2.png	Images\Monsters\사이버가스트_boss2.png
Images\Monsters\Dalminion.png	Images\Monsters\메스머아이.png
Images\Monsters\Dalminion2.png	Images\Monsters\메스머아이2.png
Images\Monsters\Dalminion_Boss.png	Images\Monsters\메스머아이_Boss.png
Images\Monsters\Dalminion_Boss2.png	Images\Monsters\메스머아이_Boss2.png
Images\Monsters\Dangleroot.png	Images\Monsters\움켜쥔뿌리.png
Images\Monsters\Dangleroot2.png	Images\Monsters\움켜쥔뿌리2.png
Images\Monsters\Dangleroot_Boss.png	Images\Monsters\움켜쥔뿌리_Boss.png
Images\Monsters\Dangleroot_Boss2.png	Images\Monsters\움켜쥔뿌리_Boss2.png
Images\Monsters\Defense Facility.png	Images\Monsters\방어 시설.png
Images\Monsters\DefenseDrone.png	Images\Monsters\방어 드론.png
Images\Monsters\DefenseDrone2.png	Images\Monsters\방어 드론2.png
Images\Monsters\DefenseDrone_Boss.png	Images\Monsters\방어 드론_Boss.png
Images\Monsters\DefenseDrone_Boss2.png	Images\Monsters\방어 드론_Boss2.png
Images\Monsters\Derelict Ship.png	Images\Monsters\버려진 함선.png
Images\Monsters\Derelict Ship_boss.png	Images\Monsters\버려진 함선_boss.png
Images\Monsters\Devourer.png	Images\Monsters\이터 포식자.png
Images\Monsters\Devourer.png	Images\Monsters\포식자.png
Images\Monsters\Devourer_boss.png	Images\Monsters\이터 포식자_boss.png
Images\Monsters\Devourer_boss.png	Images\Monsters\포식자_boss.png
Images\Monsters\Draconic Gnasher C.png	Images\Monsters\용종 그내셔.png
Images\Monsters\Draconic Gnasher C2.png	Images\Monsters\용종 그내셔2.png
Images\Monsters\Eagle.png	Images\Monsters\독수리.png
Images\Monsters\Eagle.png	Images\Monsters\이골.png
Images\Monsters\Eagle2.png	Images\Monsters\이골2.png
Images\Monsters\Eagle_Boss.png	Images\Monsters\독수리_Boss.png
Images\Monsters\Eagle_Boss.png	Images\Monsters\이골_Boss.png
Images\Monsters\Eagle_Boss2.png	Images\Monsters\독수리_Boss2.png
Images\Monsters\Eagle_Boss2.png	Images\Monsters\이골_Boss2.png
Images\Monsters\Eater Consumer.png	Images\Monsters\이터 소비자.png
Images\Monsters\Eater Consumer_boss.png	Images\Monsters\이터 소비자_boss.png
Images\Monsters\Eater Swarm.png	Images\Monsters\이터 떼.png
Images\Monsters\Eater Swarm_Boss.png	Images\Monsters\이터 떼_Boss.png
Images\Monsters\Egg.png	Images\Monsters\수수께끼의 알.png
Images\Monsters\Electric Jelly.png	Images\Monsters\전기 해파리.png
Images\Monsters\Electric Jelly2.png	Images\Monsters\전기 해파리2.png
Images\Monsters\Electric Jelly_Boss.png	Images\Monsters\전기 해파리_Boss.png
Images\Monsters\Electric Jelly_Boss2.png	Images\Monsters\전기 해파리_Boss2.png
Images\Monsters\Enemy1H_npc.png	Images\Monsters\신디케이트 집행자.png
Images\Monsters\Enemy1H_npc2.png	Images\Monsters\신디케이트 집행자2.png
Images\Monsters\Enemy1_npc.png	Images\Monsters\히루 집행자.png
Images\Monsters\Enemy1_npc2.png	Images\Monsters\히루 집행자2.png
Images\Monsters\Enemy2H_npc.png	Images\Monsters\신디케이트 두목.png
Images\Monsters\Enemy2H_npc2.png	Images\Monsters\신디케이트 두목2.png
Images\Monsters\Enemy2_npc.png	Images\Monsters\트론드로 두목.png
Images\Monsters\Enemy2_npc2.png	Images\Monsters\트론드로 두목2.png
Images\Monsters\Enemy3H_npc.png	Images\Monsters\신디케이트 암살자.png
Images\Monsters\Enemy3H_npc2.png	Images\Monsters\신디케이트 암살자2.png
Images\Monsters\Enemy3_npc.png	Images\Monsters\야타 살인자.png
Images\Monsters\Enemy3_npc2.png	Images\Monsters\야타 살인자2.png
Images\Monsters\Enemy4H_npc.png	Images\Monsters\신디케이트 병사.png
Images\Monsters\Enemy4H_npc2.png	Images\Monsters\신디케이트 병사2.png
Images\Monsters\Enemy4_npc.png	Images\Monsters\나로드 병사.png
Images\Monsters\Enemy4_npc2.png	Images\Monsters\나로드 병사2.png
Images\Monsters\Enemy5H_npc.png	Images\Monsters\신디케이트 특공대원.png
Images\Monsters\Enemy5H_npc2.png	Images\Monsters\신디케이트 특공대원2.png
Images\Monsters\Enemy5_npc.png	Images\Monsters\그로즈데 특공대원.png
Images\Monsters\Enemy5_npc2.png	Images\Monsters\그로즈데 특공대원2.png
Images\Monsters\Energy Monster.png	Images\Monsters\에너지 생명체.png
Images\Monsters\Energy Monster2.png	Images\Monsters\에너지 생명체2.png
Images\Monsters\Energy Monster_Boss.png	Images\Monsters\에너지 생명체_Boss.png
Images\Monsters\Energy Monster_Boss2.png	Images\Monsters\에너지 생명체_Boss2.png
Images\Monsters\Enervator.png	Images\Monsters\기력 흡수자.png
Images\Monsters\Enervator2.png	Images\Monsters\기력 흡수자2.png
Images\Monsters\Enervator_Boss.png	Images\Monsters\기력 흡수자_Boss.png
Images\Monsters\Enervator_Boss2.png	Images\Monsters\기력 흡수자_Boss2.png
Images\Monsters\Engraver 144 Large.png	Images\Monsters\인그레이버 군체.png
Images\Monsters\Engraver 144 Large2.png	Images\Monsters\인그레이버 군체2.png
Images\Monsters\Engraver Large.png	Images\Monsters\인그레이버 중계 기지.png
Images\Monsters\Engraver Large2.png	Images\Monsters\인그레이버 중계 기지2.png
Images\Monsters\Engraver Small.png	Images\Monsters\인그레이버 수행원.png
Images\Monsters\Engraver Small2.png	Images\Monsters\인그레이버 수행원2.png
Images\Monsters\FAKE BOSS.png	Images\Monsters\변절자 함선.png
Images\Monsters\Ferofalx.png	Images\Monsters\페로팔크스.png
Images\Monsters\Ferofalx2.png	Images\Monsters\페로팔크스2.png
Images\Monsters\Ferofalx_Boss.png	Images\Monsters\페로팔크스_Boss.png
Images\Monsters\Ferofalx_Boss2.png	Images\Monsters\페로팔크스_Boss2.png
Images\Monsters\Festerpod.png	Images\Monsters\고름꼬투리.png
Images\Monsters\Festerpod2.png	Images\Monsters\고름꼬투리2.png
Images\Monsters\Festerpod_Boss.png	Images\Monsters\고름꼬투리_Boss.png
Images\Monsters\Festerpod_Boss2.png	Images\Monsters\고름꼬투리_Boss2.png
Images\Monsters\Firax Runner.png	Images\Monsters\피락스 러너.png
Images\Monsters\Firax Runner_Boss.png	Images\Monsters\피락스 러너_Boss.png
Images\Monsters\Firax Warprider.png	Images\Monsters\피락스 워프 라이더.png
Images\Monsters\Firax Warprider_boss.png	Images\Monsters\피락스 워프 라이더_boss.png
Images\Monsters\Firax Watcher.png	Images\Monsters\피락스 얼티메이터.png
Images\Monsters\Firax Watcher2.png	Images\Monsters\피락스 얼티메이터2.png
Images\Monsters\Firax1.png	Images\Monsters\피락수기니안.png
Images\Monsters\Firax12.png	Images\Monsters\피락수기니안2.png
Images\Monsters\Firaxughinian Mindship.png	Images\Monsters\피락수기니안 정신선.png
Images\Monsters\Firaxughinian Mindship_boss.png	Images\Monsters\피락수기니안 정신선_boss.png
Images\Monsters\Fire Sprite.png	Images\Monsters\불의 정령.png
Images\Monsters\Fire Sprite2.png	Images\Monsters\불의 정령2.png
Images\Monsters\Fire Sprite_boss.png	Images\Monsters\불의 정령_boss.png
Images\Monsters\Fire Sprite_boss2.png	Images\Monsters\불의 정령_boss2.png
Images\Monsters\Firestarter.png	Images\Monsters\방화범.png
Images\Monsters\Flabberach.png	Images\Monsters\플래버래치.png
Images\Monsters\Flabberach2.png	Images\Monsters\플래버래치2.png
Images\Monsters\Flabberach_Boss.png	Images\Monsters\플래버래치_Boss.png
Images\Monsters\Flabberach_Boss2.png	Images\Monsters\플래버래치_Boss2.png
Images\Monsters\Fume Wraith.png	Images\Monsters\매연 망령.png
Images\Monsters\Fume Wraith2.png	Images\Monsters\매연 망령2.png
Images\Monsters\Fume Wraith_Boss.png	Images\Monsters\매연 망령_Boss.png
Images\Monsters\Fume Wraith_Boss2.png	Images\Monsters\매연 망령_Boss2.png
Images\Monsters\Ghostfibers.png	Images\Monsters\유령 섬유.png
Images\Monsters\Ghostfibers2.png	Images\Monsters\유령 섬유2.png
Images\Monsters\Ghostfibers_Boss.png	Images\Monsters\유령 섬유_Boss.png
Images\Monsters\GiantAntHill72.png	Images\Monsters\개미 언덕.png
Images\Monsters\GiantAnt_Black.png	Images\Monsters\거대 검은 개미.png
Images\Monsters\GiantAnt_Black2.png	Images\Monsters\거대 검은 개미2.png
Images\Monsters\GiantAnt_Black_Boss.png	Images\Monsters\거대 검은 개미_Boss.png
Images\Monsters\GiantAnt_Black_Boss2.png	Images\Monsters\거대 검은 개미_Boss2.png
Images\Monsters\GiantAnt_Red.png	Images\Monsters\거대 불개미.png
Images\Monsters\GiantAnt_Red2.png	Images\Monsters\거대 불개미2.png
Images\Monsters\GiantAnt_Red_Boss.png	Images\Monsters\거대 불개미_Boss.png
Images\Monsters\GiantAnt_Red_Boss2.png	Images\Monsters\거대 불개미_Boss2.png
Images\Monsters\GiantSquither.png	Images\Monsters\거대 스퀴더.png
Images\Monsters\GiantSquither2.png	Images\Monsters\거대 스퀴더2.png
Images\Monsters\GiantSquither_boss.png	Images\Monsters\거대 스퀴더_boss.png
Images\Monsters\GiantSquither_boss2.png	Images\Monsters\거대 스퀴더_boss2.png
Images\Monsters\Gluttonous Worm.png	Images\Monsters\탐욕스러운 벌레.png
Images\Monsters\Gluttonous Worm2.png	Images\Monsters\탐욕스러운 벌레2.png
Images\Monsters\Gluttonous Worm_Boss.png	Images\Monsters\탐욕스러운 벌레_Boss.png
Images\Monsters\Gluttonous Worm_Boss2.png	Images\Monsters\탐욕스러운 벌레_Boss2.png
Images\Monsters\Gorgonleaf.png	Images\Monsters\고르곤잎.png
Images\Monsters\Gorgonleaf2.png	Images\Monsters\고르곤잎2.png
Images\Monsters\Gorgonleaf_Boss.png	Images\Monsters\고르곤잎_Boss.png
Images\Monsters\Gorgonleaf_Boss2.png	Images\Monsters\고르곤잎_Boss2.png
Images\Monsters\Greeter.png	Images\Monsters\환영객.png
Images\Monsters\Greeter2.png	Images\Monsters\환영객2.png
Images\Monsters\Greeter_Boss.png	Images\Monsters\환영객_Boss.png
Images\Monsters\Greeter_Boss2.png	Images\Monsters\환영객_Boss2.png
Images\Monsters\Gruff Instigator.png	Images\Monsters\그러프 선동꾼.png
Images\Monsters\Gruff Instigator_Boss.png	Images\Monsters\그러프 선동꾼_Boss.png
Images\Monsters\Gruff Leviathan.png	Images\Monsters\그러프 리바이어선.png
Images\Monsters\Gruff Leviathan_boss.png	Images\Monsters\그러프 리바이어선_boss.png
Images\Monsters\Gruff Troop Transport.png	Images\Monsters\그러프 병력 수송선.png
Images\Monsters\Gruff Troublemaker.png	Images\Monsters\그러프 말썽꾼.png
Images\Monsters\Gruff Troublemaker_Boss.png	Images\Monsters\그러프 말썽꾼_Boss.png
Images\Monsters\Gruff.png	Images\Monsters\그러프.png
Images\Monsters\Gruff2.png	Images\Monsters\그러프2.png
Images\Monsters\Gruff_Helmet.png	Images\Monsters\그러프_Helmet.png
Images\Monsters\Gruff_Helmet2.png	Images\Monsters\그러프_Helmet2.png
Images\Monsters\Guardian.png	Images\Monsters\수호자.png
Images\Monsters\Horter.png	Images\Monsters\호터.png
Images\Monsters\Horter2.png	Images\Monsters\호터2.png
Images\Monsters\Horter_boss.png	Images\Monsters\호터_boss.png
Images\Monsters\Horter_boss2.png	Images\Monsters\호터_boss2.png
Images\Monsters\Hungry Rock.png	Images\Monsters\굶주린 바위.png
Images\Monsters\Hungry Rock2.png	Images\Monsters\굶주린 바위2.png
Images\Monsters\Hungry Rock_Boss.png	Images\Monsters\굶주린 바위_Boss.png
Images\Monsters\Hungry Rock_Boss2.png	Images\Monsters\굶주린 바위_Boss2.png
Images\Monsters\Hydra Sludge.png	Images\Monsters\히드라 슬러지.png
Images\Monsters\Hydra Sludge2.png	Images\Monsters\히드라 슬러지2.png
Images\Monsters\Ice Slug.png	Images\Monsters\얼음 민달팽이.png
Images\Monsters\Ice Slug2.png	Images\Monsters\얼음 민달팽이2.png
Images\Monsters\Ice Slug_Boss.png	Images\Monsters\얼음 민달팽이_Boss.png
Images\Monsters\Ice Slug_Boss2.png	Images\Monsters\얼음 민달팽이_Boss2.png
Images\Monsters\InsectMan.png	Images\Monsters\나크라투.png
Images\Monsters\InsectMan2.png	Images\Monsters\나크라투2.png
Images\Monsters\InsectMan_boss.png	Images\Monsters\나크라투_boss.png
Images\Monsters\InsectMan_boss2.png	Images\Monsters\나크라투_boss2.png
Images\Monsters\Insectivore.png	Images\Monsters\식충 동물.png
Images\Monsters\Insectivore2.png	Images\Monsters\식충 동물2.png
Images\Monsters\Insectivore_Boss.png	Images\Monsters\식충 동물_Boss.png
Images\Monsters\Insectivore_Boss2.png	Images\Monsters\식충 동물_Boss2.png
Images\Monsters\Kelphorse.png	Images\Monsters\켈프호스.png
Images\Monsters\Kelphorse2.png	Images\Monsters\켈프호스2.png
Images\Monsters\Lava Frawg.png	Images\Monsters\용암 프로그.png
Images\Monsters\Lava Frawg2.png	Images\Monsters\용암 프로그2.png
Images\Monsters\Lava Frawg_boss.png	Images\Monsters\용암 프로그_boss.png
Images\Monsters\Lava Frawg_boss2.png	Images\Monsters\용암 프로그_boss2.png
Images\Monsters\Lava_Tentacle.png	Images\Monsters\용암_Tentacle.png
Images\Monsters\Lava_Tentacle2.png	Images\Monsters\용암_Tentacle2.png
Images\Monsters\Lightning_Bugs.png	Images\Monsters\번개 벌레.png
Images\Monsters\Lightning_Bugs.png	Images\Monsters\번개_Bugs.png
Images\Monsters\Lightning_Bugs2.png	Images\Monsters\번개 벌레2.png
Images\Monsters\Lightning_Bugs2.png	Images\Monsters\번개_Bugs2.png
Images\Monsters\Lightning_Bugs_Boss.png	Images\Monsters\번개 벌레_Boss.png
Images\Monsters\Lightning_Bugs_Boss.png	Images\Monsters\번개_Bugs_Boss.png
Images\Monsters\Lightning_Bugs_Boss2.png	Images\Monsters\번개 벌레_Boss2.png
Images\Monsters\Lightning_Bugs_Boss2.png	Images\Monsters\번개_Bugs_Boss2.png
Images\Monsters\Limoquee Capital Ship.png	Images\Monsters\리모퀴 주력함.png
Images\Monsters\Limoquee Capital Ship_boss.png	Images\Monsters\리모퀴 주력함_boss.png
Images\Monsters\Limoquee Constructor.png	Images\Monsters\리모퀴 건설선.png
Images\Monsters\Limoquee Constructor_boss.png	Images\Monsters\리모퀴 건설선_boss.png
Images\Monsters\Limoquee Corvette.png	Images\Monsters\리모퀴 코르벳.png
Images\Monsters\Limoquee Corvette_boss.png	Images\Monsters\리모퀴 코르벳_boss.png
Images\Monsters\Limoquee Lawbringer.png	Images\Monsters\리모퀴 집행선.png
Images\Monsters\Limoquee Lawbringer_Boss.png	Images\Monsters\리모퀴 집행선_Boss.png
Images\Monsters\Lurker.png	Images\Monsters\잠복자.png
Images\Monsters\Lurker2.png	Images\Monsters\잠복자2.png
Images\Monsters\Lurker_boss.png	Images\Monsters\잠복자_boss.png
Images\Monsters\Lurker_boss2.png	Images\Monsters\잠복자_boss2.png
Images\Monsters\Merc Hunter.png	Images\Monsters\용병 사냥꾼.png
Images\Monsters\Merc Hunter.png	Images\Monsters\용병 사령관.png
Images\Monsters\Merc Hunter_Boss.png	Images\Monsters\용병 사냥꾼_Boss.png
Images\Monsters\Merc Hunter_Boss.png	Images\Monsters\용병 사령관_Boss.png
Images\Monsters\Mollux.png	Images\Monsters\몰럭스.png
Images\Monsters\Mollux2.png	Images\Monsters\몰럭스2.png
Images\Monsters\Mollux_Boss.png	Images\Monsters\몰럭스_Boss.png
Images\Monsters\Mollux_Boss2.png	Images\Monsters\몰럭스_Boss2.png
Images\Monsters\Monk Converter.png	Images\Monsters\수도승 개종자.png
Images\Monsters\Monk Converter_boss.png	Images\Monsters\수도승 개종자_boss.png
Images\Monsters\Monk Evangelist.png	Images\Monsters\수도승 전도자.png
Images\Monsters\Monk Evangelist_Boss.png	Images\Monsters\수도승 전도자_Boss.png
Images\Monsters\Monk Lotus.png	Images\Monsters\벨라미 분파주의자.png
Images\Monsters\Monk Lotus_Boss.png	Images\Monsters\벨라미 분파주의자_Boss.png
Images\Monsters\Monk Pilgramage.png	Images\Monsters\수도승 순례선.png
Images\Monsters\Monk Pilgramage_boss.png	Images\Monsters\수도승 순례선_boss.png
Images\Monsters\Monst_Colosus.png	Images\Monsters\바위 거인.png
Images\Monsters\Monst_Colosus2.png	Images\Monsters\바위 거인2.png
Images\Monsters\Monst_Colosus_boss.png	Images\Monsters\바위 거인_boss.png
Images\Monsters\Monst_Colosus_boss2.png	Images\Monsters\바위 거인_boss2.png
Images\Monsters\Monst_Phoenix.png	Images\Monsters\아스트랄 불사조.png
Images\Monsters\Monst_Phoenix2.png	Images\Monsters\아스트랄 불사조2.png
Images\Monsters\Monst_Phoenix_boss.png	Images\Monsters\아스트랄 불사조_boss.png
Images\Monsters\Monst_Phoenix_boss2.png	Images\Monsters\아스트랄 불사조_boss2.png
Images\Monsters\Monst_Seeker.png	Images\Monsters\시커.png
Images\Monsters\Monst_Seeker2.png	Images\Monsters\시커2.png
Images\Monsters\Monst_Seeker_boss.png	Images\Monsters\시커_boss.png
Images\Monsters\Monst_Seeker_boss2.png	Images\Monsters\시커_boss2.png
Images\Monsters\Monst_Snail.png	Images\Monsters\거대 달팽이.png
Images\Monsters\Monst_Snail2.png	Images\Monsters\거대 달팽이2.png
Images\Monsters\Monst_Snail_boss.png	Images\Monsters\거대 달팽이_boss.png
Images\Monsters\Monst_Snail_boss2.png	Images\Monsters\거대 달팽이_boss2.png
Images\Monsters\Monst_Tusker.png	Images\Monsters\터스커.png
Images\Monsters\Monst_Tusker2.png	Images\Monsters\터스커2.png
Images\Monsters\Monst_Tusker_boss.png	Images\Monsters\터스커_boss.png
Images\Monsters\Monst_Tusker_boss2.png	Images\Monsters\터스커_boss2.png
Images\Monsters\Monst_frawg.png	Images\Monsters\프로그.png
Images\Monsters\Monst_frawg2.png	Images\Monsters\프로그2.png
Images\Monsters\Monst_frawg_boss.png	Images\Monsters\프로그_boss.png
Images\Monsters\Monst_frawg_boss2.png	Images\Monsters\프로그_boss2.png
Images\Monsters\Monster_Shark.png	Images\Monsters\괴물_Shark.png
Images\Monsters\Monster_Shark.png	Images\Monsters\시르칸하.png
Images\Monsters\Monster_Shark2.png	Images\Monsters\괴물_Shark2.png
Images\Monsters\Monster_Shark2.png	Images\Monsters\시르칸하2.png
Images\Monsters\Monster_Shark_Boss.png	Images\Monsters\괴물_Shark_Boss.png
Images\Monsters\Monster_Shark_Boss.png	Images\Monsters\시르칸하_Boss.png
Images\Monsters\Monster_Shark_Boss2.png	Images\Monsters\괴물_Shark_Boss2.png
Images\Monsters\Monster_Shark_Boss2.png	Images\Monsters\시르칸하_Boss2.png
Images\Monsters\Monster_Tentacle.png	Images\Monsters\괴물_Tentacle.png
Images\Monsters\Monster_Tentacle2.png	Images\Monsters\괴물_Tentacle2.png
Images\Monsters\Monster_Tentacle_Boss.png	Images\Monsters\괴물_Tentacle_Boss.png
Images\Monsters\Monster_Tentacle_Boss2.png	Images\Monsters\괴물_Tentacle_Boss2.png
Images\Monsters\Muckmouth.png	Images\Monsters\진흙아귀.png
Images\Monsters\Muckmouth2.png	Images\Monsters\진흙아귀2.png
Images\Monsters\Muckmouth_Boss.png	Images\Monsters\진흙아귀_Boss.png
Images\Monsters\Muckmouth_Boss2.png	Images\Monsters\진흙아귀_Boss2.png
Images\Monsters\Muggot.png	Images\Monsters\머곳.png
Images\Monsters\Muggot2.png	Images\Monsters\머곳2.png
Images\Monsters\Muggot_Boss.png	Images\Monsters\머곳_Boss.png
Images\Monsters\Muggot_Boss2.png	Images\Monsters\머곳_Boss2.png
Images\Monsters\NPC_Ship (19).png	Images\Monsters\독립 측량선.png
Images\Monsters\NPC_Ship (2).png	Images\Monsters\독립 교역선.png
Images\Monsters\NPC_Ship (58).png	Images\Monsters\독립 전투 호위선.png
Images\Monsters\NPC_Ship (60).png	Images\Monsters\독립 고물상.png
Images\Monsters\NPC_Ship (61).png	Images\Monsters\독립 미사일 플랫폼.png
Images\Monsters\Nano-Structure.png	Images\Monsters\나노 구조체.png
Images\Monsters\Nano_Station_New1.png	Images\Monsters\나노_Station_New1.png
Images\Monsters\Nano_Station_NewC.png	Images\Monsters\나노_Station_NewC.png
Images\Monsters\Nano_Station_NewC2.png	Images\Monsters\나노_Station_NewC2.png
Images\Monsters\Narcratu Bomber.png	Images\Monsters\나크라투 폭격기.png
Images\Monsters\Narcratu Bomber_boss.png	Images\Monsters\나크라투 폭격기_boss.png
Images\Monsters\Narcratu Fortress.png	Images\Monsters\나크라투 요새.png
Images\Monsters\Narcratu Fortress_Boss.png	Images\Monsters\나크라투 요새_Boss.png
Images\Monsters\Narcratu Gatekeeper.png	Images\Monsters\나크라투 문지기.png
Images\Monsters\Narcratu Gatekeeper_boss.png	Images\Monsters\나크라투 문지기_boss.png
Images\Monsters\Narcratu Harvester.png	Images\Monsters\나크라투 사신.png
Images\Monsters\Narcratu Harvester_Boss.png	Images\Monsters\나크라투 사신_Boss.png
Images\Monsters\Narcratu Irradiator.png	Images\Monsters\나크라투 방사선 조사기.png
Images\Monsters\Narcratu Irradiator_Boss.png	Images\Monsters\나크라투 방사선 조사기_Boss.png
Images\Monsters\Narcratu Sentinel.png	Images\Monsters\나크라투 파수병.png
Images\Monsters\Narcratu Sentinel_Boss.png	Images\Monsters\나크라투 파수병_Boss.png
Images\Monsters\Narcratu Swarmer.png	Images\Monsters\나크라투 스웜어.png
Images\Monsters\Narcratu Swarmer_Boss.png	Images\Monsters\나크라투 스웜어_Boss.png
Images\Monsters\Nightcap.png	Images\Monsters\나이트캡.png
Images\Monsters\Nightcap2.png	Images\Monsters\나이트캡2.png
Images\Monsters\Ooze_Purple.png	Images\Monsters\보라 해파리.png
Images\Monsters\Ooze_Purple2.png	Images\Monsters\보라 해파리2.png
Images\Monsters\Ooze_Purple_Boss.png	Images\Monsters\보라 해파리_Boss.png
Images\Monsters\Ooze_Purple_Boss2.png	Images\Monsters\보라 해파리_Boss2.png
Images\Monsters\Outsider-E.png	Images\Monsters\외부자.png
Images\Monsters\Outsider-E2.png	Images\Monsters\외부자2.png
Images\Monsters\Outsider-E_Boss.png	Images\Monsters\외부자_Boss.png
Images\Monsters\Outsider-E_Boss2.png	Images\Monsters\외부자_Boss2.png
Images\Monsters\Paralytic Globule.png	Images\Monsters\마비 구체.png
Images\Monsters\Paralytic Globule2.png	Images\Monsters\마비 구체2.png
Images\Monsters\Paralytic Globule_Boss.png	Images\Monsters\마비 구체_Boss.png
Images\Monsters\Paralytic Globule_Boss2.png	Images\Monsters\마비 구체_Boss2.png
Images\Monsters\Pirate Base.png	Images\Monsters\해적 기지.png
Images\Monsters\Pirate Base.png	Images\Monsters\해적 은신처.png
Images\Monsters\Pirate Booty Hauler.png	Images\Monsters\해적 보물 운반선.png
Images\Monsters\Pirate Booty Hauler_boss.png	Images\Monsters\해적 보물 운반선_boss.png
Images\Monsters\Pirate Galleon.png	Images\Monsters\해적 갤리온.png
Images\Monsters\Pirate Galleon_boss.png	Images\Monsters\해적 갤리온_boss.png
Images\Monsters\Pirate Marauder.png	Images\Monsters\해적 습격선.png
Images\Monsters\Pirate Marauder_Boss.png	Images\Monsters\해적 습격선_Boss.png
Images\Monsters\Pirate Raider.png	Images\Monsters\해적 약탈선.png
Images\Monsters\Pirate Raider_boss.png	Images\Monsters\해적 약탈선_boss.png
Images\Monsters\Pirate Smuggler.png	Images\Monsters\해적 밀수선.png
Images\Monsters\Pirate Smuggler_boss.png	Images\Monsters\해적 밀수선_boss.png
Images\Monsters\Pirate.png	Images\Monsters\해적.png
Images\Monsters\Pirate2.png	Images\Monsters\해적2.png
Images\Monsters\Pirate_Helmet.png	Images\Monsters\해적_Helmet.png
Images\Monsters\Pirate_Helmet2.png	Images\Monsters\해적_Helmet2.png
Images\Monsters\Plated Infestor.png	Images\Monsters\장갑 감염충.png
Images\Monsters\Plated Infestor2.png	Images\Monsters\장갑 감염충2.png
Images\Monsters\Plated Infestor_Boss.png	Images\Monsters\장갑 감염충_Boss.png
Images\Monsters\Plated Infestor_Boss2.png	Images\Monsters\장갑 감염충_Boss2.png
Images\Monsters\Porkha.png	Images\Monsters\포르카.png
Images\Monsters\Porkha2.png	Images\Monsters\포르카2.png
Images\Monsters\Porkha_Boss.png	Images\Monsters\포르카_Boss.png
Images\Monsters\Porkha_Boss2.png	Images\Monsters\포르카_Boss2.png
Images\Monsters\Primordial Ooze.png	Images\Monsters\태고의 청산자.png
Images\Monsters\Primordial Ooze2.png	Images\Monsters\태고의 청산자2.png
Images\Monsters\Primordial Ooze_Boss.png	Images\Monsters\태고의 청산자_Boss.png
Images\Monsters\Primordial Ooze_Boss2.png	Images\Monsters\태고의 청산자_Boss2.png
Images\Monsters\Prisoner_Hiru.png	Images\Monsters\포로_Hiru.png
Images\Monsters\Psyren.png	Images\Monsters\사이렌.png
Images\Monsters\Psyren2.png	Images\Monsters\사이렌2.png
Images\Monsters\Psyren_Boss.png	Images\Monsters\사이렌_Boss.png
Images\Monsters\Psyren_Boss2.png	Images\Monsters\사이렌_Boss2.png
Images\Monsters\Puffer.png	Images\Monsters\퍼퍼.png
Images\Monsters\Puffer2.png	Images\Monsters\퍼퍼2.png
Images\Monsters\Puffer_Boss.png	Images\Monsters\퍼퍼_Boss.png
Images\Monsters\Puffer_Boss2.png	Images\Monsters\퍼퍼_Boss2.png
Images\Monsters\Quadropus.png	Images\Monsters\쿼드로퍼스.png
Images\Monsters\Quadropus2.png	Images\Monsters\쿼드로퍼스2.png
Images\Monsters\Quadropus_boss.png	Images\Monsters\쿼드로퍼스_boss.png
Images\Monsters\Quadropus_boss2.png	Images\Monsters\쿼드로퍼스_boss2.png
Images\Monsters\Rabat.png	Images\Monsters\라뱃.png
Images\Monsters\Rabat2.png	Images\Monsters\라뱃2.png
Images\Monsters\Rabat_boss.png	Images\Monsters\라뱃_boss.png
Images\Monsters\Rabat_boss2.png	Images\Monsters\라뱃_boss2.png
Images\Monsters\Redeye Raider.png	Images\Monsters\붉은 눈 약탈자.png
Images\Monsters\Redeye Raider2.png	Images\Monsters\붉은 눈 약탈자2.png
Images\Monsters\Redeye Raider_boss.png	Images\Monsters\붉은 눈 약탈자_boss.png
Images\Monsters\Redeye Raider_boss2.png	Images\Monsters\붉은 눈 약탈자_boss2.png
Images\Monsters\Religious Leader.png	Images\Monsters\대사제.png
Images\Monsters\Religious Leader2.png	Images\Monsters\대사제2.png
Images\Monsters\Religious Leader_boss.png	Images\Monsters\대사제_boss.png
Images\Monsters\Religious Leader_boss2.png	Images\Monsters\대사제_boss2.png
Images\Monsters\RemnantsB.png	Images\Monsters\잔존체.png
Images\Monsters\RemnantsB2.png	Images\Monsters\잔존체2.png
Images\Monsters\Resistance Battlecruiser.png	Images\Monsters\레지스탕스 순양전함.png
Images\Monsters\Resistance Battlecruiser_Boss.png	Images\Monsters\레지스탕스 순양전함_Boss.png
Images\Monsters\Resistance Dreadnought.png	Images\Monsters\레지스탕스 드레드노트.png
Images\Monsters\Resistance Dreadnought_boss.png	Images\Monsters\레지스탕스 드레드노트_boss.png
Images\Monsters\Resistance Frigate.png	Images\Monsters\레지스탕스 프리깃.png
Images\Monsters\Resistance Frigate_boss.png	Images\Monsters\레지스탕스 프리깃_boss.png
Images\Monsters\Resistance Soldier.png	Images\Monsters\레지스탕스 병사.png
Images\Monsters\Resistance Soldier2.png	Images\Monsters\레지스탕스 병사2.png
Images\Monsters\Scoon.png	Images\Monsters\피락스 시체새.png
Images\Monsters\Scoon2.png	Images\Monsters\피락스 시체새2.png
Images\Monsters\Scoon_boss.png	Images\Monsters\피락스 시체새_boss.png
Images\Monsters\Scoon_boss2.png	Images\Monsters\피락스 시체새_boss2.png
Images\Monsters\Scurrier.png	Images\Monsters\스커리어.png
Images\Monsters\Scurrier2.png	Images\Monsters\스커리어2.png
Images\Monsters\Scurrier_boss.png	Images\Monsters\스커리어_boss.png
Images\Monsters\Scurrier_boss2.png	Images\Monsters\스커리어_boss2.png
Images\Monsters\Seeker Drone.png	Images\Monsters\추적 드론.png
Images\Monsters\Seeker Drone2.png	Images\Monsters\추적 드론2.png
Images\Monsters\ShadowBeast.png	Images\Monsters\유령 기사.png
Images\Monsters\ShadowBeast2.png	Images\Monsters\유령 기사2.png
Images\Monsters\Shellslug.png	Images\Monsters\껍질민달팽이.png
Images\Monsters\Shellslug2.png	Images\Monsters\껍질민달팽이2.png
Images\Monsters\Shellslug_Boss.png	Images\Monsters\껍질민달팽이_Boss.png
Images\Monsters\Shellslug_Boss2.png	Images\Monsters\껍질민달팽이_Boss2.png
Images\Monsters\Shielder Drone_B.png	Images\Monsters\방벽 드론.png
Images\Monsters\Shielder Drone_B2.png	Images\Monsters\방벽 드론2.png
Images\Monsters\Shielder Drone_B_boss.png	Images\Monsters\방벽 드론_boss.png
Images\Monsters\Shielder Drone_B_boss2.png	Images\Monsters\방벽 드론_boss2.png
Images\Monsters\Sigorn Fighter.png	Images\Monsters\시고른 전투기.png
Images\Monsters\Sigorn Fighter_Boss.png	Images\Monsters\시고른 전투기_Boss.png
Images\Monsters\Sigorn Freighter.png	Images\Monsters\시고른 화물선.png
Images\Monsters\Sigorn Freighter_boss.png	Images\Monsters\시고른 화물선_boss.png
Images\Monsters\Sigorn Harvester.png	Images\Monsters\시고른 채집선.png
Images\Monsters\Sigorn Harvester_boss.png	Images\Monsters\시고른 채집선_boss.png
Images\Monsters\Sigorn Tanker.png	Images\Monsters\시고른 유조선.png
Images\Monsters\Sigorn Tanker_boss.png	Images\Monsters\시고른 유조선_boss.png
Images\Monsters\Sigorn Warehouse.png	Images\Monsters\시고른 운송 센터.png
Images\Monsters\Sigorn Warehouse.png	Images\Monsters\시고른 창고.png
Images\Monsters\Sil Drone.png	Images\Monsters\실 드론.png
Images\Monsters\Sil Drone2.png	Images\Monsters\실 드론2.png
Images\Monsters\Sil Drone_Boss.png	Images\Monsters\실 드론_Boss.png
Images\Monsters\Sil Drone_Boss2.png	Images\Monsters\실 드론_Boss2.png
Images\Monsters\Sil Pursuer.png	Images\Monsters\실 추격자.png
Images\Monsters\Sil Pursuer_Boss.png	Images\Monsters\실 추격자_Boss.png
Images\Monsters\Sil Questor.png	Images\Monsters\실 탐구자.png
Images\Monsters\Sil Questor_Boss.png	Images\Monsters\실 탐구자_Boss.png
Images\Monsters\Sil Stalker.png	Images\Monsters\실 추적자.png
Images\Monsters\Sil Stalker_Boss.png	Images\Monsters\실 추적자_Boss.png
Images\Monsters\SinkholeWorm.png	Images\Monsters\구멍벌레.png
Images\Monsters\SinkholeWorm2.png	Images\Monsters\구멍벌레2.png
Images\Monsters\SinkholeWorm_Boss.png	Images\Monsters\구멍벌레_Boss.png
Images\Monsters\SinkholeWorm_Boss2.png	Images\Monsters\구멍벌레_Boss2.png
Images\Monsters\Slapspines.png	Images\Monsters\찰싹가시.png
Images\Monsters\Slapspines2.png	Images\Monsters\찰싹가시2.png
Images\Monsters\Slapspines_Boss.png	Images\Monsters\찰싹가시_Boss.png
Images\Monsters\Slapspines_Boss2.png	Images\Monsters\찰싹가시_Boss2.png
Images\Monsters\Slime Mold B.png	Images\Monsters\점균.png
Images\Monsters\Slime Mold B2.png	Images\Monsters\점균2.png
Images\Monsters\Sludge Hydra.png	Images\Monsters\슬러지 히드라.png
Images\Monsters\Sludge Hydra2.png	Images\Monsters\슬러지 히드라2.png
Images\Monsters\SnowTurret1.png	Images\Monsters\역장 포탑.png
Images\Monsters\SnowTurret12.png	Images\Monsters\역장 포탑2.png
Images\Monsters\SpaceBarnacleE.png	Images\Monsters\스파너클.png
Images\Monsters\SpaceBarnacleE2.png	Images\Monsters\스파너클2.png
Images\Monsters\Squik.png	Images\Monsters\스퀵.png
Images\Monsters\Squik2.png	Images\Monsters\스퀵2.png
Images\Monsters\Squik_Boss.png	Images\Monsters\스퀵_Boss.png
Images\Monsters\Squik_Boss2.png	Images\Monsters\스퀵_Boss2.png
Images\Monsters\Stratovulkar.png	Images\Monsters\스트라토불카르.png
Images\Monsters\Stratovulkar2.png	Images\Monsters\스트라토불카르2.png
Images\Monsters\Stratovulkar_Boss.png	Images\Monsters\스트라토불카르_Boss.png
Images\Monsters\Stratovulkar_Boss2.png	Images\Monsters\스트라토불카르_Boss2.png
Images\Monsters\Stripple.png	Images\Monsters\스트리플.png
Images\Monsters\Stripple2.png	Images\Monsters\스트리플2.png
Images\Monsters\Stripple_Boss.png	Images\Monsters\스트리플_Boss.png
Images\Monsters\Stripple_Boss2.png	Images\Monsters\스트리플_Boss2.png
Images\Monsters\SubSuck.png	Images\Monsters\지하 흡혈충.png
Images\Monsters\SubSuck2.png	Images\Monsters\지하 흡혈충2.png
Images\Monsters\SubSuck_boss.png	Images\Monsters\지하 흡혈충_boss.png
Images\Monsters\SubSuck_boss2.png	Images\Monsters\지하 흡혈충_boss2.png
Images\Monsters\Swolsak.png	Images\Monsters\스월삭.png
Images\Monsters\Swolsak2.png	Images\Monsters\스월삭2.png
Images\Monsters\Swolsak_Boss.png	Images\Monsters\스월삭_Boss.png
Images\Monsters\Swolsak_Boss2.png	Images\Monsters\스월삭_Boss2.png
Images\Monsters\Syndicate Interdictor.png	Images\Monsters\신디케이트 차단선.png
Images\Monsters\Syndicate Interdictor_Boss.png	Images\Monsters\신디케이트 차단선_Boss.png
Images\Monsters\Syndicate Looter.png	Images\Monsters\신디케이트 약탈자.png
Images\Monsters\Syndicate Looter_Boss.png	Images\Monsters\신디케이트 약탈자_Boss.png
Images\Monsters\Syndicate Privateer.png	Images\Monsters\신디케이트 사략선.png
Images\Monsters\Syndicate Privateer_Boss.png	Images\Monsters\신디케이트 사략선_Boss.png
Images\Monsters\Syndicate Shredder.png	Images\Monsters\신디케이트 분쇄자.png
Images\Monsters\Syndicate Shredder_Boss.png	Images\Monsters\신디케이트 분쇄자_Boss.png
Images\Monsters\Syndicate Transport.png	Images\Monsters\신디케이트 수송선.png
Images\Monsters\Syndicate Transport_Boss.png	Images\Monsters\신디케이트 수송선_Boss.png
Images\Monsters\SyndicateA.png	Images\Monsters\야.png
Images\Monsters\SyndicateA2.png	Images\Monsters\야2.png
Images\Monsters\SyndicateA_knife.png	Images\Monsters\야_knife.png
Images\Monsters\SyndicateA_knife2.png	Images\Monsters\야_knife2.png
Images\Monsters\SyndicateB.png	Images\Monsters\슬라리.png
Images\Monsters\SyndicateB2.png	Images\Monsters\슬라리2.png
Images\Monsters\SyndicateB_sword.png	Images\Monsters\슬라리_sword.png
Images\Monsters\SyndicateB_sword2.png	Images\Monsters\슬라리_sword2.png
Images\Monsters\SyndicateC.png	Images\Monsters\브로그.png
Images\Monsters\SyndicateC2.png	Images\Monsters\브로그2.png
Images\Monsters\SyndicateC_gun.png	Images\Monsters\브로그_gun.png
Images\Monsters\SyndicateC_gun2.png	Images\Monsters\브로그_gun2.png
Images\Monsters\SyndicateD.png	Images\Monsters\불버.png
Images\Monsters\SyndicateD2.png	Images\Monsters\불버2.png
Images\Monsters\SyndicateD_rifle.png	Images\Monsters\불버_rifle.png
Images\Monsters\SyndicateD_rifle2.png	Images\Monsters\불버_rifle2.png
Images\Monsters\Syndicate_Ship_Large.png	Images\Monsters\신디케이트_Ship_Large.png
Images\Monsters\Syndicate_Ship_Medium.png	Images\Monsters\신디케이트_Ship_Medium.png
Images\Monsters\Syndicate_Ship_Small.png	Images\Monsters\신디케이트_Ship_Small.png
Images\Monsters\Tapfly.png	Images\Monsters\탭플라이.png
Images\Monsters\Tapfly2.png	Images\Monsters\탭플라이2.png
Images\Monsters\Tapfly_Boss.png	Images\Monsters\탭플라이_Boss.png
Images\Monsters\Tapfly_Boss2.png	Images\Monsters\탭플라이_Boss2.png
Images\Monsters\Tentaculon Examiner.png	Images\Monsters\텐타큘론 심사관.png
Images\Monsters\Tentaculon Examiner_boss.png	Images\Monsters\텐타큘론 심사관_boss.png
Images\Monsters\Tentaculon Explorer.png	Images\Monsters\텐타큘론 탐험선.png
Images\Monsters\Tentaculon Explorer_boss.png	Images\Monsters\텐타큘론 탐험선_boss.png
Images\Monsters\Tentaculon Inquirer.png	Images\Monsters\텐타큘론 조사관.png
Images\Monsters\Tentaculon Inquirer_boss.png	Images\Monsters\텐타큘론 조사관_boss.png
Images\Monsters\Tentaculon Mine-Layer.png	Images\Monsters\텐타큘론 기뢰 부설선.png
Images\Monsters\Tentaculon Mine-Layer_boss.png	Images\Monsters\텐타큘론 기뢰 부설선_boss.png
Images\Monsters\The Plague.png	Images\Monsters\블라이트.png
Images\Monsters\The Plague2.png	Images\Monsters\블라이트2.png
Images\Monsters\Thorn Rancher.png	Images\Monsters\가시 목장주.png
Images\Monsters\Thorn Rancher2.png	Images\Monsters\가시 목장주2.png
Images\Monsters\Thorn Rancher_Boss.png	Images\Monsters\가시 목장주_Boss.png
Images\Monsters\Thorn Rancher_Boss2.png	Images\Monsters\가시 목장주_Boss2.png
Images\Monsters\Transcendent Horror-B.png	Images\Monsters\초월적 공포.png
Images\Monsters\Transcendent Horror-B2.png	Images\Monsters\초월적 공포2.png
Images\Monsters\Twinkle.png	Images\Monsters\칠랙시안.png
Images\Monsters\Twinkle2.png	Images\Monsters\칠랙시안2.png
Images\Monsters\UNAVAILABLE.png	Images\Monsters\사용 불가.png
Images\Monsters\Ultra-Lichen-Small.png	Images\Monsters\울트라 이끼 새싹.png
Images\Monsters\Ultra-Lichen-Small2.png	Images\Monsters\울트라 이끼 새싹2.png
Images\Monsters\Unifier Ambassador.png	Images\Monsters\유니파이어 대사.png
Images\Monsters\Unifier Ambassador_boss.png	Images\Monsters\유니파이어 대사_boss.png
Images\Monsters\Unifier Diplomat.png	Images\Monsters\유니파이어 외교관.png
Images\Monsters\Unifier Diplomat_boss.png	Images\Monsters\유니파이어 외교관_boss.png
Images\Monsters\Unifier Hall.png	Images\Monsters\유니파이어 소생선.png
Images\Monsters\Unifier Hall.png	Images\Monsters\유니파이어 회관.png
Images\Monsters\Unifier Pinnace.png	Images\Monsters\유니파이어 소형정.png
Images\Monsters\Unifier Pinnace_boss.png	Images\Monsters\유니파이어 소형정_boss.png
Images\Monsters\Vexoid Nest.png	Images\Monsters\벡소이드 둥지.png
Images\Monsters\Vexoid Nest2.png	Images\Monsters\벡소이드 둥지2.png
Images\Monsters\Vexoid.png	Images\Monsters\벡소이드.png
Images\Monsters\Vexoid2.png	Images\Monsters\벡소이드2.png
Images\Monsters\Vexoid_Boss.png	Images\Monsters\벡소이드_Boss.png
Images\Monsters\Vexoid_Boss2.png	Images\Monsters\벡소이드_Boss2.png
Images\Monsters\Vordalene Habitat.png	Images\Monsters\보르달린 거주 시설.png
Images\Monsters\Vordalene Habitat.png	Images\Monsters\보르달린 부두.png
Images\Monsters\Vordalene Mutant.png	Images\Monsters\보르달린 돌연변이.png
Images\Monsters\Vordalene Mutant2.png	Images\Monsters\보르달린 돌연변이2.png
Images\Monsters\Vordalene Mutant_boss.png	Images\Monsters\보르달린 돌연변이_boss.png
Images\Monsters\Vordalene Mutant_boss2.png	Images\Monsters\보르달린 돌연변이_boss2.png
Images\Monsters\Vordalene Ranger.png	Images\Monsters\보르달린 레인저.png
Images\Monsters\Vordalene Ranger_boss.png	Images\Monsters\보르달린 레인저_boss.png
Images\Monsters\Vordalene Scout.PNG	Images\Monsters\보르달린 정찰선.png
Images\Monsters\Vordalene Scout_boss.png	Images\Monsters\보르달린 정찰선_boss.png
Images\Monsters\Vordalene Security.png	Images\Monsters\보르달린 경비대.png
Images\Monsters\Vordalene Security2.png	Images\Monsters\보르달린 경비대2.png
Images\Monsters\Vordalene Security_boss.png	Images\Monsters\보르달린 경비대_boss.png
Images\Monsters\Vordalene Security_boss2.png	Images\Monsters\보르달린 경비대_boss2.png
Images\Monsters\Vordalene Surveyor.png	Images\Monsters\보르달린 측량선.png
Images\Monsters\Vordalene Surveyor2.png	Images\Monsters\보르달린 측량선2.png
Images\Monsters\Vordalene Surveyor_boss.png	Images\Monsters\보르달린 측량선_boss.png
Images\Monsters\Vordalene Surveyor_boss2.png	Images\Monsters\보르달린 측량선_boss2.png
Images\Monsters\Vordalene Traverse.png	Images\Monsters\보르달린 횡단선.png
Images\Monsters\Vordalene Traverse_boss.png	Images\Monsters\보르달린 횡단선_boss.png
Images\Monsters\Vordalene Worker.png	Images\Monsters\보르달린 일꾼.png
Images\Monsters\Vordalene Worker2.png	Images\Monsters\보르달린 일꾼2.png
Images\Monsters\Vordalene Worker_boss.png	Images\Monsters\보르달린 일꾼_boss.png
Images\Monsters\Vordalene Worker_boss2.png	Images\Monsters\보르달린 일꾼_boss2.png
Images\Monsters\WebSpinner1.png	Images\Monsters\거미.png
Images\Monsters\WebSpinner12.png	Images\Monsters\거미2.png
Images\Monsters\WebSpinner1_Boss.png	Images\Monsters\거미_Boss.png
Images\Monsters\WebSpinner1_Boss2.png	Images\Monsters\거미_Boss2.png
Images\Monsters\White Vortex.png	Images\Monsters\하얀 소용돌이.png
Images\Monsters\White Vortex2.png	Images\Monsters\하얀 소용돌이2.png
Images\Monsters\Whiteguard.png	Images\Monsters\화이트가드.png
Images\Monsters\Withercling B.png	Images\Monsters\시듦덩굴.png
Images\Monsters\Withercling B2.png	Images\Monsters\시듦덩굴2.png
Images\Monsters\Xeno0a.png	Images\Monsters\검은 점액.png
Images\Monsters\Xeno0a2.png	Images\Monsters\검은 점액2.png
Images\Monsters\Yettin.png	Images\Monsters\예틴.png
Images\Monsters\Yettin2.png	Images\Monsters\예틴2.png
Images\Monsters\Yettin_boss.png	Images\Monsters\예틴_boss.png
Images\Monsters\Yettin_boss2.png	Images\Monsters\예틴_boss2.png
Images\Monsters\Zasquat.png	Images\Monsters\자스쿼트.png
Images\Monsters\Zasquat2.png	Images\Monsters\자스쿼트2.png
Images\Monsters\Zasquat_Boss.png	Images\Monsters\자스쿼트_Boss.png
Images\Monsters\Zasquat_Boss2.png	Images\Monsters\자스쿼트_Boss2.png
Images\Monsters\eaters1.png	Images\Monsters\이터.png
Images\Monsters\eaters12.png	Images\Monsters\이터2.png
Images\Monsters\gruff intimidator.png	Images\Monsters\그러프 위협꾼.png
Images\Monsters\gruff intimidator_boss.png	Images\Monsters\그러프 위협꾼_boss.png
Images\Monsters\limoquee.png	Images\Monsters\리모퀴.png
Images\Monsters\limoquee2.png	Images\Monsters\리모퀴2.png
Images\Monsters\limoquee_Helmet.png	Images\Monsters\리모퀴_Helmet.png
Images\Monsters\limoquee_Helmet2.png	Images\Monsters\리모퀴_Helmet2.png
Images\Monsters\mercenary.png	Images\Monsters\용병.png
Images\Monsters\mercenary2.png	Images\Monsters\용병2.png
Images\Monsters\mercenary_boss.png	Images\Monsters\용병_boss.png
Images\Monsters\mercenary_boss2.png	Images\Monsters\용병_boss2.png
Images\Monsters\monks.png	Images\Monsters\수도승 성직자.png
Images\Monsters\monks.png	Images\Monsters\수도승.png
Images\Monsters\monks2.png	Images\Monsters\수도승 성직자2.png
Images\Monsters\sigorn1.png	Images\Monsters\시고른.png
Images\Monsters\sigorn1.png	Images\Monsters\시고른1.png
Images\Monsters\sigorn12.png	Images\Monsters\시고른12.png
Images\Monsters\sigorn12.png	Images\Monsters\시고른2.png
Images\Monsters\sigorn_Helmet.png	Images\Monsters\시고른_Helmet.png
Images\Monsters\sigorn_Helmet2.png	Images\Monsters\시고른_Helmet2.png
Images\Monsters\tentaculons.png	Images\Monsters\텐타큘론.png
Images\Monsters\tentaculons2.png	Images\Monsters\텐타큘론2.png
Images\Monsters\tentaculons_Helmet.png	Images\Monsters\텐타큘론_Helmet.png
Images\Monsters\tentaculons_Helmet2.png	Images\Monsters\텐타큘론_Helmet2.png
Images\Monsters\ultra-lichen-D.png	Images\Monsters\성숙한 울트라 이끼.png
Images\Monsters\ultra-lichen-D2.png	Images\Monsters\성숙한 울트라 이끼2.png
Images\Monsters\ultra-lichen-mX.png	Images\Monsters\사냥하는 울트라 이끼.png
Images\Monsters\ultra-lichen-mX2.png	Images\Monsters\사냥하는 울트라 이끼2.png
Images\Monsters\unifiers.png	Images\Monsters\유니파이어.png
Images\Monsters\unifiers2.png	Images\Monsters\유니파이어2.png
Images\Monsters\unifiers_Helmet.png	Images\Monsters\유니파이어_Helmet.png
Images\Monsters\unifiers_Helmet2.png	Images\Monsters\유니파이어_Helmet2.png
Images\More Caves.png	Images\더 많은 동굴.png
Images\Moss.png	Images\이끼.png
Images\Mossy Cave Wall.png	Images\이끼 낀 동굴 벽.png
Images\Mud.png	Images\진흙.png
Images\Mushrooms.png	Images\버섯.png
Images\Mysterious Package.png	Images\수수께끼의 소포.png
Images\NO.png	Images\아니요.png
Images\Nano-Planet.png	Images\나노 행성.png
Images\Nano-Structure.png	Images\나노 구조체.png
Images\Nebula.png	Images\성운.png
Images\Nebula_Intro_Bkg1.png	Images\성운_Intro_Bkg1.png
Images\Nebula_UI_Bkg01.png	Images\성운_UI_Bkg01.png
Images\Negotiator.png	Images\협상가.png
Images\Negotiator_Boss.png	Images\협상가_Boss.png
Images\Oblivion Cathedral.png	Images\망각의 대성당.png
Images\Observer.png	Images\관측선.png
Images\Observer_Boss.png	Images\관측선_Boss.png
Images\Officer_Available_1.png	Images\장교_Available_1.png
Images\Officer_Available_3.png	Images\장교_Available_3.png
Images\Officer_Frame1.png	Images\장교_Frame1.png
Images\Officer_Frame2.png	Images\장교_Frame2.png
Images\Officer_Frame3.png	Images\장교_Frame3.png
Images\Officer_Frame4.png	Images\장교_Frame4.png
Images\Officer_Highlight.png	Images\장교_Highlight.png
Images\Officer_Portrait_Class_1.png	Images\장교_Portrait_Class_1.png
Images\Officer_Portrait_Class_10.png	Images\장교_Portrait_Class_10.png
Images\Officer_Portrait_Class_2.png	Images\장교_Portrait_Class_2.png
Images\Officer_Portrait_Class_21.png	Images\장교_Portrait_Class_21.png
Images\Officer_Portrait_Class_22.png	Images\장교_Portrait_Class_22.png
Images\Officer_Portrait_Class_24.png	Images\장교_Portrait_Class_24.png
Images\Officer_Portrait_Class_26.png	Images\장교_Portrait_Class_26.png
Images\Officer_Portrait_Class_3.png	Images\장교_Portrait_Class_3.png
Images\Officer_Portrait_Class_4.png	Images\장교_Portrait_Class_4.png
Images\Officer_Portrait_Class_5.png	Images\장교_Portrait_Class_5.png
Images\Officer_Portrait_Class_6.png	Images\장교_Portrait_Class_6.png
Images\Officer_Portrait_Class_7.png	Images\장교_Portrait_Class_7.png
Images\Officer_Portrait_Class_8.png	Images\장교_Portrait_Class_8.png
Images\Officer_Portrait_Class_9.png	Images\장교_Portrait_Class_9.png
Images\Officer_Portrait_Frame_Blue.png	Images\장교_Portrait_Frame_Blue.png
Images\Officer_Portrait_Frame_Green.png	Images\장교_Portrait_Frame_Green.png
Images\Officer_Portrait_Frame_Purple.png	Images\장교_Portrait_Frame_Purple.png
Images\Officer_Portrait_Frame_Red.png	Images\장교_Portrait_Frame_Red.png
Images\Officer_Portrait_Frame_Selected.png	Images\장교_Portrait_Frame_Selected.png
Images\Officer_Portrait_Frame_Yellow.png	Images\장교_Portrait_Frame_Yellow.png
Images\Officer_Select1.png	Images\장교_Select1.png
Images\Officer_Select2.png	Images\장교_Select2.png
Images\Pirate Base.png	Images\해적 기지.png
Images\Pirate Booty.png	Images\해적의 전리품.png
Images\Planets\Nano-Planet.png	Images\Planets\나노 행성.png
Images\Previously Surveyed Planet.png	Images\이미 조사한 행성.png
Images\Previously Surveyed Planet_1F.png	Images\이미 조사한 행성_1F.png
Images\Pricklers.png	Images\가시덩굴.png
Images\Prisoner_01.png	Images\포로_01.png
Images\Prisoner_02.png	Images\포로_02.png
Images\Prisoner_03.png	Images\포로_03.png
Images\Prisoner_04.png	Images\포로_04.png
Images\Prisoner_05.png	Images\포로_05.png
Images\Prisoner_06.png	Images\포로_06.png
Images\Prisoner_07.png	Images\포로_07.png
Images\Prisoner_08.png	Images\포로_08.png
Images\Prisoner_09.png	Images\포로_09.png
Images\Prisoner_10.png	Images\포로_10.png
Images\Prisoner_11.png	Images\포로_11.png
Images\Prisoner_12.png	Images\포로_12.png
Images\Prisoner_13.png	Images\포로_13.png
Images\Prisoner_14.png	Images\포로_14.png
Images\Prisoner_15.png	Images\포로_15.png
Images\Prisoner_18.png	Images\포로_18.png
Images\Prisoner_19.png	Images\포로_19.png
Images\Prisoner_Frame.png	Images\포로_Frame.png
Images\Prisoner_Grozde.png	Images\포로_Grozde.png
Images\Prisoner_Hiru.png	Images\포로_Hiru.png
Images\Prisoner_Merc.png	Images\포로_Merc.png
Images\Prisoner_Narod.png	Images\포로_Narod.png
Images\Prisoner_Pirate.png	Images\포로_Pirate.png
Images\Prisoner_Redeye.png	Images\포로_Redeye.png
Images\Prisoner_Trondro.png	Images\포로_Trondro.png
Images\Prisoner_Yata.png	Images\포로_Yata.png
Images\Prisoner_Zasquat.png	Images\포로_Zasquat.png
Images\Pugilist.png	Images\투사.png
Images\Pulsar.png	Images\펄서.png
Images\Purple Force Field.png	Images\보라 역장.png
Images\Purple Star.png	Images\보라색 별.png
Images\Quit.png	Images\종료.png
Images\Radiation Belt.png	Images\방사선대.png
Images\Radiation.png	Images\방사선.png
Images\Ranged\Icon_Grappler.png	Images\Ranged\Icon_그래플러.png
Images\Ranged\Icon_GrapplerL.png	Images\Ranged\Icon_그래플러L.png
Images\Ranged\Ranged_Beamer_Set1.png	Images\Ranged\Ranged_빔건_Set1.png
Images\Ranged\Ranged_Beamer_Set10.png	Images\Ranged\Ranged_빔건_Set10.png
Images\Ranged\Ranged_Beamer_Set10L.png	Images\Ranged\Ranged_빔건_Set10L.png
Images\Ranged\Ranged_Beamer_Set1L.png	Images\Ranged\Ranged_빔건_Set1L.png
Images\Ranged\Ranged_Beamer_Set2.png	Images\Ranged\Ranged_빔건_Set2.png
Images\Ranged\Ranged_Beamer_Set2L.png	Images\Ranged\Ranged_빔건_Set2L.png
Images\Ranged\Ranged_Beamer_Set3.png	Images\Ranged\Ranged_빔건_Set3.png
Images\Ranged\Ranged_Beamer_Set3L.png	Images\Ranged\Ranged_빔건_Set3L.png
Images\Ranged\Ranged_Beamer_Set4.png	Images\Ranged\Ranged_빔건_Set4.png
Images\Ranged\Ranged_Beamer_Set4L.png	Images\Ranged\Ranged_빔건_Set4L.png
Images\Ranged\Ranged_Beamer_Set5.png	Images\Ranged\Ranged_빔건_Set5.png
Images\Ranged\Ranged_Beamer_Set5L.png	Images\Ranged\Ranged_빔건_Set5L.png
Images\Ranged\Ranged_Beamer_Set6.png	Images\Ranged\Ranged_빔건_Set6.png
Images\Ranged\Ranged_Beamer_Set6L.png	Images\Ranged\Ranged_빔건_Set6L.png
Images\Ranged\Ranged_Beamer_Set7.png	Images\Ranged\Ranged_빔건_Set7.png
Images\Ranged\Ranged_Beamer_Set7L.png	Images\Ranged\Ranged_빔건_Set7L.png
Images\Ranged\Ranged_Beamer_Set8.png	Images\Ranged\Ranged_빔건_Set8.png
Images\Ranged\Ranged_Beamer_Set8L.png	Images\Ranged\Ranged_빔건_Set8L.png
Images\Ranged\Ranged_Beamer_Set9.png	Images\Ranged\Ranged_빔건_Set9.png
Images\Ranged\Ranged_Beamer_Set9L.png	Images\Ranged\Ranged_빔건_Set9L.png
Images\Ranged\Ranged_Blaster_Set1.png	Images\Ranged\Ranged_블래스터_Set1.png
Images\Ranged\Ranged_Blaster_Set10.png	Images\Ranged\Ranged_블래스터_Set10.png
Images\Ranged\Ranged_Blaster_Set10L.png	Images\Ranged\Ranged_블래스터_Set10L.png
Images\Ranged\Ranged_Blaster_Set1L.png	Images\Ranged\Ranged_블래스터_Set1L.png
Images\Ranged\Ranged_Blaster_Set2.png	Images\Ranged\Ranged_블래스터_Set2.png
Images\Ranged\Ranged_Blaster_Set2L.png	Images\Ranged\Ranged_블래스터_Set2L.png
Images\Ranged\Ranged_Blaster_Set3.png	Images\Ranged\Ranged_블래스터_Set3.png
Images\Ranged\Ranged_Blaster_Set3L.png	Images\Ranged\Ranged_블래스터_Set3L.png
Images\Ranged\Ranged_Blaster_Set4.png	Images\Ranged\Ranged_블래스터_Set4.png
Images\Ranged\Ranged_Blaster_Set4L.png	Images\Ranged\Ranged_블래스터_Set4L.png
Images\Ranged\Ranged_Blaster_Set5.png	Images\Ranged\Ranged_블래스터_Set5.png
Images\Ranged\Ranged_Blaster_Set5L.png	Images\Ranged\Ranged_블래스터_Set5L.png
Images\Ranged\Ranged_Blaster_Set6.png	Images\Ranged\Ranged_블래스터_Set6.png
Images\Ranged\Ranged_Blaster_Set6L.png	Images\Ranged\Ranged_블래스터_Set6L.png
Images\Ranged\Ranged_Blaster_Set7.png	Images\Ranged\Ranged_블래스터_Set7.png
Images\Ranged\Ranged_Blaster_Set7L.png	Images\Ranged\Ranged_블래스터_Set7L.png
Images\Ranged\Ranged_Blaster_Set8.png	Images\Ranged\Ranged_블래스터_Set8.png
Images\Ranged\Ranged_Blaster_Set8L.png	Images\Ranged\Ranged_블래스터_Set8L.png
Images\Ranged\Ranged_Blaster_Set9.png	Images\Ranged\Ranged_블래스터_Set9.png
Images\Ranged\Ranged_Blaster_Set9L.png	Images\Ranged\Ranged_블래스터_Set9L.png
Images\Ranged\Ranged_CloudGun_Set1.png	Images\Ranged\Ranged_클라우드건_Set1.png
Images\Ranged\Ranged_CloudGun_Set10.png	Images\Ranged\Ranged_클라우드건_Set10.png
Images\Ranged\Ranged_CloudGun_Set10L.png	Images\Ranged\Ranged_클라우드건_Set10L.png
Images\Ranged\Ranged_CloudGun_Set1L.png	Images\Ranged\Ranged_클라우드건_Set1L.png
Images\Ranged\Ranged_CloudGun_Set2.png	Images\Ranged\Ranged_클라우드건_Set2.png
Images\Ranged\Ranged_CloudGun_Set2L.png	Images\Ranged\Ranged_클라우드건_Set2L.png
Images\Ranged\Ranged_CloudGun_Set3.png	Images\Ranged\Ranged_클라우드건_Set3.png
Images\Ranged\Ranged_CloudGun_Set3L.png	Images\Ranged\Ranged_클라우드건_Set3L.png
Images\Ranged\Ranged_CloudGun_Set4.png	Images\Ranged\Ranged_클라우드건_Set4.png
Images\Ranged\Ranged_CloudGun_Set4L.png	Images\Ranged\Ranged_클라우드건_Set4L.png
Images\Ranged\Ranged_CloudGun_Set5.png	Images\Ranged\Ranged_클라우드건_Set5.png
Images\Ranged\Ranged_CloudGun_Set5L.png	Images\Ranged\Ranged_클라우드건_Set5L.png
Images\Ranged\Ranged_CloudGun_Set6.png	Images\Ranged\Ranged_클라우드건_Set6.png
Images\Ranged\Ranged_CloudGun_Set6L.png	Images\Ranged\Ranged_클라우드건_Set6L.png
Images\Ranged\Ranged_CloudGun_Set7.png	Images\Ranged\Ranged_클라우드건_Set7.png
Images\Ranged\Ranged_CloudGun_Set7L.png	Images\Ranged\Ranged_클라우드건_Set7L.png
Images\Ranged\Ranged_CloudGun_Set8.png	Images\Ranged\Ranged_클라우드건_Set8.png
Images\Ranged\Ranged_CloudGun_Set8L.png	Images\Ranged\Ranged_클라우드건_Set8L.png
Images\Ranged\Ranged_CloudGun_Set9.png	Images\Ranged\Ranged_클라우드건_Set9.png
Images\Ranged\Ranged_CloudGun_Set9L.png	Images\Ranged\Ranged_클라우드건_Set9L.png
Images\Ranged\Ranged_Extractor.png	Images\Ranged\Ranged_추출기.png
Images\Ranged\Ranged_ExtractorL.png	Images\Ranged\Ranged_추출기L.png
Images\Ranged\Ranged_Launcher_Set1.png	Images\Ranged\Ranged_런처_Set1.png
Images\Ranged\Ranged_Launcher_Set10.png	Images\Ranged\Ranged_런처_Set10.png
Images\Ranged\Ranged_Launcher_Set10L.png	Images\Ranged\Ranged_런처_Set10L.png
Images\Ranged\Ranged_Launcher_Set1L.png	Images\Ranged\Ranged_런처_Set1L.png
Images\Ranged\Ranged_Launcher_Set2.png	Images\Ranged\Ranged_런처_Set2.png
Images\Ranged\Ranged_Launcher_Set2L.png	Images\Ranged\Ranged_런처_Set2L.png
Images\Ranged\Ranged_Launcher_Set3.png	Images\Ranged\Ranged_런처_Set3.png
Images\Ranged\Ranged_Launcher_Set3L.png	Images\Ranged\Ranged_런처_Set3L.png
Images\Ranged\Ranged_Launcher_Set4.png	Images\Ranged\Ranged_런처_Set4.png
Images\Ranged\Ranged_Launcher_Set4L.png	Images\Ranged\Ranged_런처_Set4L.png
Images\Ranged\Ranged_Launcher_Set5.png	Images\Ranged\Ranged_런처_Set5.png
Images\Ranged\Ranged_Launcher_Set5L.png	Images\Ranged\Ranged_런처_Set5L.png
Images\Ranged\Ranged_Launcher_Set6.png	Images\Ranged\Ranged_런처_Set6.png
Images\Ranged\Ranged_Launcher_Set6L.png	Images\Ranged\Ranged_런처_Set6L.png
Images\Ranged\Ranged_Launcher_Set7.png	Images\Ranged\Ranged_런처_Set7.png
Images\Ranged\Ranged_Launcher_Set7L.png	Images\Ranged\Ranged_런처_Set7L.png
Images\Ranged\Ranged_Launcher_Set8.png	Images\Ranged\Ranged_런처_Set8.png
Images\Ranged\Ranged_Launcher_Set8L.png	Images\Ranged\Ranged_런처_Set8L.png
Images\Ranged\Ranged_Launcher_Set9.png	Images\Ranged\Ranged_런처_Set9.png
Images\Ranged\Ranged_Launcher_Set9L.png	Images\Ranged\Ranged_런처_Set9L.png
Images\Ranged\Ranged_Pistol_Set1.png	Images\Ranged\Ranged_권총_Set1.png
Images\Ranged\Ranged_Pistol_Set10.png	Images\Ranged\Ranged_권총_Set10.png
Images\Ranged\Ranged_Pistol_Set10L.png	Images\Ranged\Ranged_권총_Set10L.png
Images\Ranged\Ranged_Pistol_Set1L.png	Images\Ranged\Ranged_권총_Set1L.png
Images\Ranged\Ranged_Pistol_Set2.png	Images\Ranged\Ranged_권총_Set2.png
Images\Ranged\Ranged_Pistol_Set2L.png	Images\Ranged\Ranged_권총_Set2L.png
Images\Ranged\Ranged_Pistol_Set3.png	Images\Ranged\Ranged_권총_Set3.png
Images\Ranged\Ranged_Pistol_Set3L.png	Images\Ranged\Ranged_권총_Set3L.png
Images\Ranged\Ranged_Pistol_Set4.png	Images\Ranged\Ranged_권총_Set4.png
Images\Ranged\Ranged_Pistol_Set4L.png	Images\Ranged\Ranged_권총_Set4L.png
Images\Ranged\Ranged_Pistol_Set5.png	Images\Ranged\Ranged_권총_Set5.png
Images\Ranged\Ranged_Pistol_Set5L.png	Images\Ranged\Ranged_권총_Set5L.png
Images\Ranged\Ranged_Pistol_Set6.png	Images\Ranged\Ranged_권총_Set6.png
Images\Ranged\Ranged_Pistol_Set6L.png	Images\Ranged\Ranged_권총_Set6L.png
Images\Ranged\Ranged_Pistol_Set7.png	Images\Ranged\Ranged_권총_Set7.png
Images\Ranged\Ranged_Pistol_Set7L.png	Images\Ranged\Ranged_권총_Set7L.png
Images\Ranged\Ranged_Pistol_Set8.png	Images\Ranged\Ranged_권총_Set8.png
Images\Ranged\Ranged_Pistol_Set8L.png	Images\Ranged\Ranged_권총_Set8L.png
Images\Ranged\Ranged_Pistol_Set9.png	Images\Ranged\Ranged_권총_Set9.png
Images\Ranged\Ranged_Pistol_Set9L.png	Images\Ranged\Ranged_권총_Set9L.png
Images\Ranged\Ranged_Rifle_Set1.png	Images\Ranged\Ranged_소총_Set1.png
Images\Ranged\Ranged_Rifle_Set10.png	Images\Ranged\Ranged_소총_Set10.png
Images\Ranged\Ranged_Rifle_Set10L.png	Images\Ranged\Ranged_소총_Set10L.png
Images\Ranged\Ranged_Rifle_Set1L.png	Images\Ranged\Ranged_소총_Set1L.png
Images\Ranged\Ranged_Rifle_Set2.png	Images\Ranged\Ranged_소총_Set2.png
Images\Ranged\Ranged_Rifle_Set2L.png	Images\Ranged\Ranged_소총_Set2L.png
Images\Ranged\Ranged_Rifle_Set3.png	Images\Ranged\Ranged_소총_Set3.png
Images\Ranged\Ranged_Rifle_Set3L.png	Images\Ranged\Ranged_소총_Set3L.png
Images\Ranged\Ranged_Rifle_Set4.png	Images\Ranged\Ranged_소총_Set4.png
Images\Ranged\Ranged_Rifle_Set4L.png	Images\Ranged\Ranged_소총_Set4L.png
Images\Ranged\Ranged_Rifle_Set5.png	Images\Ranged\Ranged_소총_Set5.png
Images\Ranged\Ranged_Rifle_Set5L.png	Images\Ranged\Ranged_소총_Set5L.png
Images\Ranged\Ranged_Rifle_Set6.png	Images\Ranged\Ranged_소총_Set6.png
Images\Ranged\Ranged_Rifle_Set6L.png	Images\Ranged\Ranged_소총_Set6L.png
Images\Ranged\Ranged_Rifle_Set7.png	Images\Ranged\Ranged_소총_Set7.png
Images\Ranged\Ranged_Rifle_Set7L.png	Images\Ranged\Ranged_소총_Set7L.png
Images\Ranged\Ranged_Rifle_Set8.png	Images\Ranged\Ranged_소총_Set8.png
Images\Ranged\Ranged_Rifle_Set8L.png	Images\Ranged\Ranged_소총_Set8L.png
Images\Ranged\Ranged_Rifle_Set9.png	Images\Ranged\Ranged_소총_Set9.png
Images\Ranged\Ranged_Rifle_Set9L.png	Images\Ranged\Ranged_소총_Set9L.png
Images\Ranged\Ranged_Shotgun_Set1.png	Images\Ranged\Ranged_산탄총_Set1.png
Images\Ranged\Ranged_Shotgun_Set10.png	Images\Ranged\Ranged_산탄총_Set10.png
Images\Ranged\Ranged_Shotgun_Set10L.png	Images\Ranged\Ranged_산탄총_Set10L.png
Images\Ranged\Ranged_Shotgun_Set1L.png	Images\Ranged\Ranged_산탄총_Set1L.png
Images\Ranged\Ranged_Shotgun_Set2.png	Images\Ranged\Ranged_산탄총_Set2.png
Images\Ranged\Ranged_Shotgun_Set2L.png	Images\Ranged\Ranged_산탄총_Set2L.png
Images\Ranged\Ranged_Shotgun_Set3.png	Images\Ranged\Ranged_산탄총_Set3.png
Images\Ranged\Ranged_Shotgun_Set3L.png	Images\Ranged\Ranged_산탄총_Set3L.png
Images\Ranged\Ranged_Shotgun_Set4.png	Images\Ranged\Ranged_산탄총_Set4.png
Images\Ranged\Ranged_Shotgun_Set4L.png	Images\Ranged\Ranged_산탄총_Set4L.png
Images\Ranged\Ranged_Shotgun_Set5.png	Images\Ranged\Ranged_산탄총_Set5.png
Images\Ranged\Ranged_Shotgun_Set5L.png	Images\Ranged\Ranged_산탄총_Set5L.png
Images\Ranged\Ranged_Shotgun_Set6.png	Images\Ranged\Ranged_산탄총_Set6.png
Images\Ranged\Ranged_Shotgun_Set6L.png	Images\Ranged\Ranged_산탄총_Set6L.png
Images\Ranged\Ranged_Shotgun_Set7.png	Images\Ranged\Ranged_산탄총_Set7.png
Images\Ranged\Ranged_Shotgun_Set7L.png	Images\Ranged\Ranged_산탄총_Set7L.png
Images\Ranged\Ranged_Shotgun_Set8.png	Images\Ranged\Ranged_산탄총_Set8.png
Images\Ranged\Ranged_Shotgun_Set8L.png	Images\Ranged\Ranged_산탄총_Set8L.png
Images\Ranged\Ranged_Shotgun_Set9.png	Images\Ranged\Ranged_산탄총_Set9.png
Images\Ranged\Ranged_Shotgun_Set9L.png	Images\Ranged\Ranged_산탄총_Set9L.png
Images\Ranged\Ranged_Sniper_Set1.png	Images\Ranged\Ranged_저격총_Set1.png
Images\Ranged\Ranged_Sniper_Set10.png	Images\Ranged\Ranged_저격총_Set10.png
Images\Ranged\Ranged_Sniper_Set10L.png	Images\Ranged\Ranged_저격총_Set10L.png
Images\Ranged\Ranged_Sniper_Set1L.png	Images\Ranged\Ranged_저격총_Set1L.png
Images\Ranged\Ranged_Sniper_Set2.png	Images\Ranged\Ranged_저격총_Set2.png
Images\Ranged\Ranged_Sniper_Set2L.png	Images\Ranged\Ranged_저격총_Set2L.png
Images\Ranged\Ranged_Sniper_Set3.png	Images\Ranged\Ranged_저격총_Set3.png
Images\Ranged\Ranged_Sniper_Set3L.png	Images\Ranged\Ranged_저격총_Set3L.png
Images\Ranged\Ranged_Sniper_Set4.png	Images\Ranged\Ranged_저격총_Set4.png
Images\Ranged\Ranged_Sniper_Set4L.png	Images\Ranged\Ranged_저격총_Set4L.png
Images\Ranged\Ranged_Sniper_Set5.png	Images\Ranged\Ranged_저격총_Set5.png
Images\Ranged\Ranged_Sniper_Set5L.png	Images\Ranged\Ranged_저격총_Set5L.png
Images\Ranged\Ranged_Sniper_Set6.png	Images\Ranged\Ranged_저격총_Set6.png
Images\Ranged\Ranged_Sniper_Set6L.png	Images\Ranged\Ranged_저격총_Set6L.png
Images\Ranged\Ranged_Sniper_Set7.png	Images\Ranged\Ranged_저격총_Set7.png
Images\Ranged\Ranged_Sniper_Set7L.png	Images\Ranged\Ranged_저격총_Set7L.png
Images\Ranged\Ranged_Sniper_Set8.png	Images\Ranged\Ranged_저격총_Set8.png
Images\Ranged\Ranged_Sniper_Set8L.png	Images\Ranged\Ranged_저격총_Set8L.png
Images\Ranged\Ranged_Sniper_Set9.png	Images\Ranged\Ranged_저격총_Set9.png
Images\Ranged\Ranged_Sniper_Set9L.png	Images\Ranged\Ranged_저격총_Set9L.png
Images\Ranged_Extractor.png	Images\Ranged_추출기.png
Images\Ranged_ExtractorL.png	Images\Ranged_추출기L.png
Images\Rare Book.png	Images\희귀 도서.png
Images\Rare Growth.png	Images\희귀 식물.png
Images\Ravager.png	Images\래비저.png
Images\Ravager_OLD.png	Images\래비저_OLD.png
Images\Recent Shipwreck.png	Images\최근 난파선.png
Images\Red Honey.png	Images\붉은 꿀.png
Images\Repair Terminal.png	Images\수리 단말기.png
Images\Resistance Command.png	Images\레지스탕스 사령부.png
Images\Rich Wall.png	Images\풍부한 벽.png
Images\Rocky Ground.png	Images\바위투성이 땅.png
Images\Rubble.png	Images\잔해.png
Images\Ruin_Wall1.png	Images\폐허_Wall1.png
Images\Ruin_Wall10.png	Images\폐허_Wall10.png
Images\Ruin_Wall11.png	Images\폐허_Wall11.png
Images\Ruin_Wall12.png	Images\폐허_Wall12.png
Images\Ruin_Wall2.png	Images\폐허_Wall2.png
Images\Ruin_Wall3.png	Images\폐허_Wall3.png
Images\Ruin_Wall4.png	Images\폐허_Wall4.png
Images\Ruin_Wall5.png	Images\폐허_Wall5.png
Images\Ruin_Wall6.png	Images\폐허_Wall6.png
Images\Ruin_Wall7.png	Images\폐허_Wall7.png
Images\Ruin_Wall8.png	Images\폐허_Wall8.png
Images\Ruin_Wall9.png	Images\폐허_Wall9.png
Images\SOS Beacon.png	Images\SOS 비콘.png
Images\Salt Water.png	Images\바닷물.png
Images\Sand.png	Images\모래.png
Images\SandStone Cave.png	Images\사암 동굴.png
Images\Scorched Earth.png	Images\그을린 대지.png
Images\Scrap Hound.png	Images\고철 사냥개.png
Images\Sector 50 Energy Q.png	Images\섹터 50 에너지 Q.png
Images\Sector_Select_Black.png	Images\섹터_Select_Black.png
Images\Sector_Select_Blackq.png	Images\섹터_Select_Blackq.png
Images\Sector_Select_Blue.png	Images\섹터_Select_Blue.png
Images\Sector_Select_Blue_B.png	Images\섹터_Select_Blue_B.png
Images\Sector_Select_Gray-x.png	Images\섹터_Select_Gray-x.png
Images\Sector_Select_Gray.png	Images\섹터_Select_Gray.png
Images\Sector_Select_Green-x.png	Images\섹터_Select_Green-x.png
Images\Sector_Select_Green.png	Images\섹터_Select_Green.png
Images\Sector_Select_Highlight_Black-C.png	Images\섹터_Select_Highlight_Black-C.png
Images\Sector_Select_Highlight_Black-b.png	Images\섹터_Select_Highlight_Black-b.png
Images\Sector_Select_Highlight_Black.png	Images\섹터_Select_Highlight_Black.png
Images\Sector_Select_Highlight_Blue.png	Images\섹터_Select_Highlight_Blue.png
Images\Sector_Select_Highlight_Blue2.png	Images\섹터_Select_Highlight_Blue2.png
Images\Sector_Select_Highlight_Gray.png	Images\섹터_Select_Highlight_Gray.png
Images\Sector_Select_Highlight_Green.png	Images\섹터_Select_Highlight_Green.png
Images\Sector_Select_Highlight_Orange.png	Images\섹터_Select_Highlight_Orange.png
Images\Sector_Select_Highlight_Red.png	Images\섹터_Select_Highlight_Red.png
Images\Sector_Select_Highlight_Yellow.png	Images\섹터_Select_Highlight_Yellow.png
Images\Sector_Select_Orange.png	Images\섹터_Select_Orange.png
Images\Sector_Select_Orange_B.png	Images\섹터_Select_Orange_B.png
Images\Sector_Select_Red.png	Images\섹터_Select_Red.png
Images\Sector_Select_Red_B.png	Images\섹터_Select_Red_B.png
Images\Sector_Select_White.png	Images\섹터_Select_White.png
Images\Sector_Select_Yellow.png	Images\섹터_Select_Yellow.png
Images\Sector_Select_Yellow_B.png	Images\섹터_Select_Yellow_B.png
Images\Security Field.png	Images\보안 역장.png
Images\Sentinel.png	Images\센티넬.png
Images\Ship Floor.png	Images\함선 바닥.png
Images\Ship Floor_Set1.png	Images\함선 바닥_Set1.png
Images\Ship Floor_Set10.png	Images\함선 바닥_Set10.png
Images\Ship Floor_Set11.png	Images\함선 바닥_Set11.png
Images\Ship Floor_Set12.png	Images\함선 바닥_Set12.png
Images\Ship Floor_Set13.png	Images\함선 바닥_Set13.png
Images\Ship Floor_Set14.png	Images\함선 바닥_Set14.png
Images\Ship Floor_Set15.png	Images\함선 바닥_Set15.png
Images\Ship Floor_Set16.png	Images\함선 바닥_Set16.png
Images\Ship Floor_Set17.png	Images\함선 바닥_Set17.png
Images\Ship Floor_Set18.png	Images\함선 바닥_Set18.png
Images\Ship Floor_Set19.png	Images\함선 바닥_Set19.png
Images\Ship Floor_Set2.png	Images\함선 바닥_Set2.png
Images\Ship Floor_Set20.png	Images\함선 바닥_Set20.png
Images\Ship Floor_Set21.png	Images\함선 바닥_Set21.png
Images\Ship Floor_Set22.png	Images\함선 바닥_Set22.png
Images\Ship Floor_Set23.png	Images\함선 바닥_Set23.png
Images\Ship Floor_Set24.png	Images\함선 바닥_Set24.png
Images\Ship Floor_Set25.png	Images\함선 바닥_Set25.png
Images\Ship Floor_Set26.png	Images\함선 바닥_Set26.png
Images\Ship Floor_Set27.png	Images\함선 바닥_Set27.png
Images\Ship Floor_Set28.png	Images\함선 바닥_Set28.png
Images\Ship Floor_Set29.png	Images\함선 바닥_Set29.png
Images\Ship Floor_Set3.png	Images\함선 바닥_Set3.png
Images\Ship Floor_Set4.png	Images\함선 바닥_Set4.png
Images\Ship Floor_Set49.png	Images\함선 바닥_Set49.png
Images\Ship Floor_Set5.png	Images\함선 바닥_Set5.png
Images\Ship Floor_Set50.png	Images\함선 바닥_Set50.png
Images\Ship Floor_Set6.png	Images\함선 바닥_Set6.png
Images\Ship Floor_Set7.png	Images\함선 바닥_Set7.png
Images\Ship Floor_Set8.png	Images\함선 바닥_Set8.png
Images\Ship Floor_Set9.png	Images\함선 바닥_Set9.png
Images\Ship Wall Across.png	Images\함선 벽 가로.png
Images\Ship Wall Across_Set1.png	Images\함선 벽 가로_Set1.png
Images\Ship Wall Across_Set10.png	Images\함선 벽 가로_Set10.png
Images\Ship Wall Across_Set11.png	Images\함선 벽 가로_Set11.png
Images\Ship Wall Across_Set12.png	Images\함선 벽 가로_Set12.png
Images\Ship Wall Across_Set13.png	Images\함선 벽 가로_Set13.png
Images\Ship Wall Across_Set14.png	Images\함선 벽 가로_Set14.png
Images\Ship Wall Across_Set15.png	Images\함선 벽 가로_Set15.png
Images\Ship Wall Across_Set16.png	Images\함선 벽 가로_Set16.png
Images\Ship Wall Across_Set17.png	Images\함선 벽 가로_Set17.png
Images\Ship Wall Across_Set18.png	Images\함선 벽 가로_Set18.png
Images\Ship Wall Across_Set19.png	Images\함선 벽 가로_Set19.png
Images\Ship Wall Across_Set2.png	Images\함선 벽 가로_Set2.png
Images\Ship Wall Across_Set20.png	Images\함선 벽 가로_Set20.png
Images\Ship Wall Across_Set21.png	Images\함선 벽 가로_Set21.png
Images\Ship Wall Across_Set22.png	Images\함선 벽 가로_Set22.png
Images\Ship Wall Across_Set23.png	Images\함선 벽 가로_Set23.png
Images\Ship Wall Across_Set24.png	Images\함선 벽 가로_Set24.png
Images\Ship Wall Across_Set25.png	Images\함선 벽 가로_Set25.png
Images\Ship Wall Across_Set26.png	Images\함선 벽 가로_Set26.png
Images\Ship Wall Across_Set27.png	Images\함선 벽 가로_Set27.png
Images\Ship Wall Across_Set28.png	Images\함선 벽 가로_Set28.png
Images\Ship Wall Across_Set29.png	Images\함선 벽 가로_Set29.png
Images\Ship Wall Across_Set3.png	Images\함선 벽 가로_Set3.png
Images\Ship Wall Across_Set4.png	Images\함선 벽 가로_Set4.png
Images\Ship Wall Across_Set49.png	Images\함선 벽 가로_Set49.png
Images\Ship Wall Across_Set5.png	Images\함선 벽 가로_Set5.png
Images\Ship Wall Across_Set50.png	Images\함선 벽 가로_Set50.png
Images\Ship Wall Across_Set6.png	Images\함선 벽 가로_Set6.png
Images\Ship Wall Across_Set7.png	Images\함선 벽 가로_Set7.png
Images\Ship Wall Across_Set8.png	Images\함선 벽 가로_Set8.png
Images\Ship Wall Across_Set9.png	Images\함선 벽 가로_Set9.png
Images\Ship Wall Damaged.png	Images\함선 벽 손상.png
Images\Ship Wall Damaged_Set1.png	Images\함선 벽 손상_Set1.png
Images\Ship Wall Damaged_Set10.png	Images\함선 벽 손상_Set10.png
Images\Ship Wall Damaged_Set11.png	Images\함선 벽 손상_Set11.png
Images\Ship Wall Damaged_Set12.png	Images\함선 벽 손상_Set12.png
Images\Ship Wall Damaged_Set13.png	Images\함선 벽 손상_Set13.png
Images\Ship Wall Damaged_Set14.png	Images\함선 벽 손상_Set14.png
Images\Ship Wall Damaged_Set15.png	Images\함선 벽 손상_Set15.png
Images\Ship Wall Damaged_Set16.png	Images\함선 벽 손상_Set16.png
Images\Ship Wall Damaged_Set17.png	Images\함선 벽 손상_Set17.png
Images\Ship Wall Damaged_Set18.png	Images\함선 벽 손상_Set18.png
Images\Ship Wall Damaged_Set19.png	Images\함선 벽 손상_Set19.png
Images\Ship Wall Damaged_Set2.png	Images\함선 벽 손상_Set2.png
Images\Ship Wall Damaged_Set20.png	Images\함선 벽 손상_Set20.png
Images\Ship Wall Damaged_Set21.png	Images\함선 벽 손상_Set21.png
Images\Ship Wall Damaged_Set22.png	Images\함선 벽 손상_Set22.png
Images\Ship Wall Damaged_Set23.png	Images\함선 벽 손상_Set23.png
Images\Ship Wall Damaged_Set24.png	Images\함선 벽 손상_Set24.png
Images\Ship Wall Damaged_Set25.png	Images\함선 벽 손상_Set25.png
Images\Ship Wall Damaged_Set26.png	Images\함선 벽 손상_Set26.png
Images\Ship Wall Damaged_Set27.png	Images\함선 벽 손상_Set27.png
Images\Ship Wall Damaged_Set28.png	Images\함선 벽 손상_Set28.png
Images\Ship Wall Damaged_Set29.png	Images\함선 벽 손상_Set29.png
Images\Ship Wall Damaged_Set3.png	Images\함선 벽 손상_Set3.png
Images\Ship Wall Damaged_Set4.png	Images\함선 벽 손상_Set4.png
Images\Ship Wall Damaged_Set49.png	Images\함선 벽 손상_Set49.png
Images\Ship Wall Damaged_Set5.png	Images\함선 벽 손상_Set5.png
Images\Ship Wall Damaged_Set50.png	Images\함선 벽 손상_Set50.png
Images\Ship Wall Damaged_Set6.png	Images\함선 벽 손상_Set6.png
Images\Ship Wall Damaged_Set7.png	Images\함선 벽 손상_Set7.png
Images\Ship Wall Damaged_Set8.png	Images\함선 벽 손상_Set8.png
Images\Ship Wall Damaged_Set9.png	Images\함선 벽 손상_Set9.png
Images\Ship Wall Down.png	Images\함선 벽 아래.png
Images\Ship Wall Down_Set1.png	Images\함선 벽 아래_Set1.png
Images\Ship Wall Down_Set10.png	Images\함선 벽 아래_Set10.png
Images\Ship Wall Down_Set11.png	Images\함선 벽 아래_Set11.png
Images\Ship Wall Down_Set12.png	Images\함선 벽 아래_Set12.png
Images\Ship Wall Down_Set13.png	Images\함선 벽 아래_Set13.png
Images\Ship Wall Down_Set14.png	Images\함선 벽 아래_Set14.png
Images\Ship Wall Down_Set15.png	Images\함선 벽 아래_Set15.png
Images\Ship Wall Down_Set16.png	Images\함선 벽 아래_Set16.png
Images\Ship Wall Down_Set17.png	Images\함선 벽 아래_Set17.png
Images\Ship Wall Down_Set18.png	Images\함선 벽 아래_Set18.png
Images\Ship Wall Down_Set19.png	Images\함선 벽 아래_Set19.png
Images\Ship Wall Down_Set2.png	Images\함선 벽 아래_Set2.png
Images\Ship Wall Down_Set20.png	Images\함선 벽 아래_Set20.png
Images\Ship Wall Down_Set21.png	Images\함선 벽 아래_Set21.png
Images\Ship Wall Down_Set22.png	Images\함선 벽 아래_Set22.png
Images\Ship Wall Down_Set23.png	Images\함선 벽 아래_Set23.png
Images\Ship Wall Down_Set24.png	Images\함선 벽 아래_Set24.png
Images\Ship Wall Down_Set25.png	Images\함선 벽 아래_Set25.png
Images\Ship Wall Down_Set26.png	Images\함선 벽 아래_Set26.png
Images\Ship Wall Down_Set27.png	Images\함선 벽 아래_Set27.png
Images\Ship Wall Down_Set28.png	Images\함선 벽 아래_Set28.png
Images\Ship Wall Down_Set29.png	Images\함선 벽 아래_Set29.png
Images\Ship Wall Down_Set3.png	Images\함선 벽 아래_Set3.png
Images\Ship Wall Down_Set4.png	Images\함선 벽 아래_Set4.png
Images\Ship Wall Down_Set49.png	Images\함선 벽 아래_Set49.png
Images\Ship Wall Down_Set5.png	Images\함선 벽 아래_Set5.png
Images\Ship Wall Down_Set50.png	Images\함선 벽 아래_Set50.png
Images\Ship Wall Down_Set6.png	Images\함선 벽 아래_Set6.png
Images\Ship Wall Down_Set7.png	Images\함선 벽 아래_Set7.png
Images\Ship Wall Down_Set8.png	Images\함선 벽 아래_Set8.png
Images\Ship Wall Down_Set9.png	Images\함선 벽 아래_Set9.png
Images\Ship Wall Junction LRD.png	Images\함선 벽 교차 LRD.png
Images\Ship Wall Junction LRD_Set1.png	Images\함선 벽 교차 LRD_Set1.png
Images\Ship Wall Junction LRD_Set10.png	Images\함선 벽 교차 LRD_Set10.png
Images\Ship Wall Junction LRD_Set11.png	Images\함선 벽 교차 LRD_Set11.png
Images\Ship Wall Junction LRD_Set11@2x.png	Images\함선 벽 교차 LRD_Set11@2x.png
Images\Ship Wall Junction LRD_Set12.png	Images\함선 벽 교차 LRD_Set12.png
Images\Ship Wall Junction LRD_Set13.png	Images\함선 벽 교차 LRD_Set13.png
Images\Ship Wall Junction LRD_Set14.png	Images\함선 벽 교차 LRD_Set14.png
Images\Ship Wall Junction LRD_Set15.png	Images\함선 벽 교차 LRD_Set15.png
Images\Ship Wall Junction LRD_Set16.png	Images\함선 벽 교차 LRD_Set16.png
Images\Ship Wall Junction LRD_Set17.png	Images\함선 벽 교차 LRD_Set17.png
Images\Ship Wall Junction LRD_Set18.png	Images\함선 벽 교차 LRD_Set18.png
Images\Ship Wall Junction LRD_Set19.png	Images\함선 벽 교차 LRD_Set19.png
Images\Ship Wall Junction LRD_Set2.png	Images\함선 벽 교차 LRD_Set2.png
Images\Ship Wall Junction LRD_Set20.png	Images\함선 벽 교차 LRD_Set20.png
Images\Ship Wall Junction LRD_Set21.png	Images\함선 벽 교차 LRD_Set21.png
Images\Ship Wall Junction LRD_Set22.png	Images\함선 벽 교차 LRD_Set22.png
Images\Ship Wall Junction LRD_Set23.png	Images\함선 벽 교차 LRD_Set23.png
Images\Ship Wall Junction LRD_Set24.png	Images\함선 벽 교차 LRD_Set24.png
Images\Ship Wall Junction LRD_Set25.png	Images\함선 벽 교차 LRD_Set25.png
Images\Ship Wall Junction LRD_Set26.png	Images\함선 벽 교차 LRD_Set26.png
Images\Ship Wall Junction LRD_Set27.png	Images\함선 벽 교차 LRD_Set27.png
Images\Ship Wall Junction LRD_Set28.png	Images\함선 벽 교차 LRD_Set28.png
Images\Ship Wall Junction LRD_Set29.png	Images\함선 벽 교차 LRD_Set29.png
Images\Ship Wall Junction LRD_Set3.png	Images\함선 벽 교차 LRD_Set3.png
Images\Ship Wall Junction LRD_Set4.png	Images\함선 벽 교차 LRD_Set4.png
Images\Ship Wall Junction LRD_Set49.png	Images\함선 벽 교차 LRD_Set49.png
Images\Ship Wall Junction LRD_Set5.png	Images\함선 벽 교차 LRD_Set5.png
Images\Ship Wall Junction LRD_Set50.png	Images\함선 벽 교차 LRD_Set50.png
Images\Ship Wall Junction LRD_Set6.png	Images\함선 벽 교차 LRD_Set6.png
Images\Ship Wall Junction LRD_Set7.png	Images\함선 벽 교차 LRD_Set7.png
Images\Ship Wall Junction LRD_Set8.png	Images\함선 벽 교차 LRD_Set8.png
Images\Ship Wall Junction LRD_Set9.png	Images\함선 벽 교차 LRD_Set9.png
Images\Ship Wall Junction LRU.png	Images\함선 벽 교차 LRU.png
Images\Ship Wall Junction LRU_Set1.png	Images\함선 벽 교차 LRU_Set1.png
Images\Ship Wall Junction LRU_Set10.png	Images\함선 벽 교차 LRU_Set10.png
Images\Ship Wall Junction LRU_Set11.png	Images\함선 벽 교차 LRU_Set11.png
Images\Ship Wall Junction LRU_Set12.png	Images\함선 벽 교차 LRU_Set12.png
Images\Ship Wall Junction LRU_Set13.png	Images\함선 벽 교차 LRU_Set13.png
Images\Ship Wall Junction LRU_Set14.png	Images\함선 벽 교차 LRU_Set14.png
Images\Ship Wall Junction LRU_Set15.png	Images\함선 벽 교차 LRU_Set15.png
Images\Ship Wall Junction LRU_Set16.png	Images\함선 벽 교차 LRU_Set16.png
Images\Ship Wall Junction LRU_Set17.png	Images\함선 벽 교차 LRU_Set17.png
Images\Ship Wall Junction LRU_Set18.png	Images\함선 벽 교차 LRU_Set18.png
Images\Ship Wall Junction LRU_Set19.png	Images\함선 벽 교차 LRU_Set19.png
Images\Ship Wall Junction LRU_Set2.png	Images\함선 벽 교차 LRU_Set2.png
Images\Ship Wall Junction LRU_Set20.png	Images\함선 벽 교차 LRU_Set20.png
Images\Ship Wall Junction LRU_Set21.png	Images\함선 벽 교차 LRU_Set21.png
Images\Ship Wall Junction LRU_Set22.png	Images\함선 벽 교차 LRU_Set22.png
Images\Ship Wall Junction LRU_Set23.png	Images\함선 벽 교차 LRU_Set23.png
Images\Ship Wall Junction LRU_Set24.png	Images\함선 벽 교차 LRU_Set24.png
Images\Ship Wall Junction LRU_Set25.png	Images\함선 벽 교차 LRU_Set25.png
Images\Ship Wall Junction LRU_Set26.png	Images\함선 벽 교차 LRU_Set26.png
Images\Ship Wall Junction LRU_Set27.png	Images\함선 벽 교차 LRU_Set27.png
Images\Ship Wall Junction LRU_Set28.png	Images\함선 벽 교차 LRU_Set28.png
Images\Ship Wall Junction LRU_Set29.png	Images\함선 벽 교차 LRU_Set29.png
Images\Ship Wall Junction LRU_Set3.png	Images\함선 벽 교차 LRU_Set3.png
Images\Ship Wall Junction LRU_Set4.png	Images\함선 벽 교차 LRU_Set4.png
Images\Ship Wall Junction LRU_Set49.png	Images\함선 벽 교차 LRU_Set49.png
Images\Ship Wall Junction LRU_Set5.png	Images\함선 벽 교차 LRU_Set5.png
Images\Ship Wall Junction LRU_Set50.png	Images\함선 벽 교차 LRU_Set50.png
Images\Ship Wall Junction LRU_Set6.png	Images\함선 벽 교차 LRU_Set6.png
Images\Ship Wall Junction LRU_Set7.png	Images\함선 벽 교차 LRU_Set7.png
Images\Ship Wall Junction LRU_Set8.png	Images\함선 벽 교차 LRU_Set8.png
Images\Ship Wall Junction LRU_Set9.png	Images\함선 벽 교차 LRU_Set9.png
Images\Ship Wall Junction UDL.png	Images\함선 벽 교차 UDL.png
Images\Ship Wall Junction UDL_Set1.png	Images\함선 벽 교차 UDL_Set1.png
Images\Ship Wall Junction UDL_Set10.png	Images\함선 벽 교차 UDL_Set10.png
Images\Ship Wall Junction UDL_Set11.png	Images\함선 벽 교차 UDL_Set11.png
Images\Ship Wall Junction UDL_Set12.png	Images\함선 벽 교차 UDL_Set12.png
Images\Ship Wall Junction UDL_Set13.png	Images\함선 벽 교차 UDL_Set13.png
Images\Ship Wall Junction UDL_Set14.png	Images\함선 벽 교차 UDL_Set14.png
Images\Ship Wall Junction UDL_Set15.png	Images\함선 벽 교차 UDL_Set15.png
Images\Ship Wall Junction UDL_Set16.png	Images\함선 벽 교차 UDL_Set16.png
Images\Ship Wall Junction UDL_Set17.png	Images\함선 벽 교차 UDL_Set17.png
Images\Ship Wall Junction UDL_Set18.png	Images\함선 벽 교차 UDL_Set18.png
Images\Ship Wall Junction UDL_Set19.png	Images\함선 벽 교차 UDL_Set19.png
Images\Ship Wall Junction UDL_Set2.png	Images\함선 벽 교차 UDL_Set2.png
Images\Ship Wall Junction UDL_Set20.png	Images\함선 벽 교차 UDL_Set20.png
Images\Ship Wall Junction UDL_Set21.png	Images\함선 벽 교차 UDL_Set21.png
Images\Ship Wall Junction UDL_Set22.png	Images\함선 벽 교차 UDL_Set22.png
Images\Ship Wall Junction UDL_Set23.png	Images\함선 벽 교차 UDL_Set23.png
Images\Ship Wall Junction UDL_Set24.png	Images\함선 벽 교차 UDL_Set24.png
Images\Ship Wall Junction UDL_Set25.png	Images\함선 벽 교차 UDL_Set25.png
Images\Ship Wall Junction UDL_Set26.png	Images\함선 벽 교차 UDL_Set26.png
Images\Ship Wall Junction UDL_Set27.png	Images\함선 벽 교차 UDL_Set27.png
Images\Ship Wall Junction UDL_Set28.png	Images\함선 벽 교차 UDL_Set28.png
Images\Ship Wall Junction UDL_Set29.png	Images\함선 벽 교차 UDL_Set29.png
Images\Ship Wall Junction UDL_Set3.png	Images\함선 벽 교차 UDL_Set3.png
Images\Ship Wall Junction UDL_Set4.png	Images\함선 벽 교차 UDL_Set4.png
Images\Ship Wall Junction UDL_Set49.png	Images\함선 벽 교차 UDL_Set49.png
Images\Ship Wall Junction UDL_Set5.png	Images\함선 벽 교차 UDL_Set5.png
Images\Ship Wall Junction UDL_Set50.png	Images\함선 벽 교차 UDL_Set50.png
Images\Ship Wall Junction UDL_Set6.png	Images\함선 벽 교차 UDL_Set6.png
Images\Ship Wall Junction UDL_Set7.png	Images\함선 벽 교차 UDL_Set7.png
Images\Ship Wall Junction UDL_Set8.png	Images\함선 벽 교차 UDL_Set8.png
Images\Ship Wall Junction UDL_Set9.png	Images\함선 벽 교차 UDL_Set9.png
Images\Ship Wall Junction UDR.png	Images\함선 벽 교차 UDR.png
Images\Ship Wall Junction UDR_Set1.png	Images\함선 벽 교차 UDR_Set1.png
Images\Ship Wall Junction UDR_Set10.png	Images\함선 벽 교차 UDR_Set10.png
Images\Ship Wall Junction UDR_Set11.png	Images\함선 벽 교차 UDR_Set11.png
Images\Ship Wall Junction UDR_Set12.png	Images\함선 벽 교차 UDR_Set12.png
Images\Ship Wall Junction UDR_Set13.png	Images\함선 벽 교차 UDR_Set13.png
Images\Ship Wall Junction UDR_Set14.png	Images\함선 벽 교차 UDR_Set14.png
Images\Ship Wall Junction UDR_Set15.png	Images\함선 벽 교차 UDR_Set15.png
Images\Ship Wall Junction UDR_Set16.png	Images\함선 벽 교차 UDR_Set16.png
Images\Ship Wall Junction UDR_Set17.png	Images\함선 벽 교차 UDR_Set17.png
Images\Ship Wall Junction UDR_Set18.png	Images\함선 벽 교차 UDR_Set18.png
Images\Ship Wall Junction UDR_Set19.png	Images\함선 벽 교차 UDR_Set19.png
Images\Ship Wall Junction UDR_Set2.png	Images\함선 벽 교차 UDR_Set2.png
Images\Ship Wall Junction UDR_Set20.png	Images\함선 벽 교차 UDR_Set20.png
Images\Ship Wall Junction UDR_Set21.png	Images\함선 벽 교차 UDR_Set21.png
Images\Ship Wall Junction UDR_Set22.png	Images\함선 벽 교차 UDR_Set22.png
Images\Ship Wall Junction UDR_Set23.png	Images\함선 벽 교차 UDR_Set23.png
Images\Ship Wall Junction UDR_Set24.png	Images\함선 벽 교차 UDR_Set24.png
Images\Ship Wall Junction UDR_Set25.png	Images\함선 벽 교차 UDR_Set25.png
Images\Ship Wall Junction UDR_Set26.png	Images\함선 벽 교차 UDR_Set26.png
Images\Ship Wall Junction UDR_Set27.png	Images\함선 벽 교차 UDR_Set27.png
Images\Ship Wall Junction UDR_Set28.png	Images\함선 벽 교차 UDR_Set28.png
Images\Ship Wall Junction UDR_Set29.png	Images\함선 벽 교차 UDR_Set29.png
Images\Ship Wall Junction UDR_Set3.png	Images\함선 벽 교차 UDR_Set3.png
Images\Ship Wall Junction UDR_Set4.png	Images\함선 벽 교차 UDR_Set4.png
Images\Ship Wall Junction UDR_Set49.png	Images\함선 벽 교차 UDR_Set49.png
Images\Ship Wall Junction UDR_Set5.png	Images\함선 벽 교차 UDR_Set5.png
Images\Ship Wall Junction UDR_Set50.png	Images\함선 벽 교차 UDR_Set50.png
Images\Ship Wall Junction UDR_Set6.png	Images\함선 벽 교차 UDR_Set6.png
Images\Ship Wall Junction UDR_Set7.png	Images\함선 벽 교차 UDR_Set7.png
Images\Ship Wall Junction UDR_Set8.png	Images\함선 벽 교차 UDR_Set8.png
Images\Ship Wall Junction UDR_Set9.png	Images\함선 벽 교차 UDR_Set9.png
Images\Ship Wall Junction.png	Images\함선 벽 교차.png
Images\Ship Wall Junction_Set1.png	Images\함선 벽 교차_Set1.png
Images\Ship Wall Junction_Set10.png	Images\함선 벽 교차_Set10.png
Images\Ship Wall Junction_Set11.png	Images\함선 벽 교차_Set11.png
Images\Ship Wall Junction_Set12.png	Images\함선 벽 교차_Set12.png
Images\Ship Wall Junction_Set13.png	Images\함선 벽 교차_Set13.png
Images\Ship Wall Junction_Set14.png	Images\함선 벽 교차_Set14.png
Images\Ship Wall Junction_Set15.png	Images\함선 벽 교차_Set15.png
Images\Ship Wall Junction_Set16.png	Images\함선 벽 교차_Set16.png
Images\Ship Wall Junction_Set17.png	Images\함선 벽 교차_Set17.png
Images\Ship Wall Junction_Set18.png	Images\함선 벽 교차_Set18.png
Images\Ship Wall Junction_Set19.png	Images\함선 벽 교차_Set19.png
Images\Ship Wall Junction_Set2.png	Images\함선 벽 교차_Set2.png
Images\Ship Wall Junction_Set20.png	Images\함선 벽 교차_Set20.png
Images\Ship Wall Junction_Set21.png	Images\함선 벽 교차_Set21.png
Images\Ship Wall Junction_Set22.png	Images\함선 벽 교차_Set22.png
Images\Ship Wall Junction_Set23.png	Images\함선 벽 교차_Set23.png
Images\Ship Wall Junction_Set24.png	Images\함선 벽 교차_Set24.png
Images\Ship Wall Junction_Set25.png	Images\함선 벽 교차_Set25.png
Images\Ship Wall Junction_Set26.png	Images\함선 벽 교차_Set26.png
Images\Ship Wall Junction_Set27.png	Images\함선 벽 교차_Set27.png
Images\Ship Wall Junction_Set28.png	Images\함선 벽 교차_Set28.png
Images\Ship Wall Junction_Set29.png	Images\함선 벽 교차_Set29.png
Images\Ship Wall Junction_Set3.png	Images\함선 벽 교차_Set3.png
Images\Ship Wall Junction_Set4.png	Images\함선 벽 교차_Set4.png
Images\Ship Wall Junction_Set49.png	Images\함선 벽 교차_Set49.png
Images\Ship Wall Junction_Set5.png	Images\함선 벽 교차_Set5.png
Images\Ship Wall Junction_Set50.png	Images\함선 벽 교차_Set50.png
Images\Ship Wall Junction_Set6.png	Images\함선 벽 교차_Set6.png
Images\Ship Wall Junction_Set7.png	Images\함선 벽 교차_Set7.png
Images\Ship Wall Junction_Set8.png	Images\함선 벽 교차_Set8.png
Images\Ship Wall Junction_Set9.png	Images\함선 벽 교차_Set9.png
Images\Ship Wall LL.png	Images\함선 벽 LL.png
Images\Ship Wall LL_Set1.png	Images\함선 벽 LL_Set1.png
Images\Ship Wall LL_Set10.png	Images\함선 벽 LL_Set10.png
Images\Ship Wall LL_Set11.png	Images\함선 벽 LL_Set11.png
Images\Ship Wall LL_Set12.png	Images\함선 벽 LL_Set12.png
Images\Ship Wall LL_Set13.png	Images\함선 벽 LL_Set13.png
Images\Ship Wall LL_Set14.png	Images\함선 벽 LL_Set14.png
Images\Ship Wall LL_Set15.png	Images\함선 벽 LL_Set15.png
Images\Ship Wall LL_Set16.png	Images\함선 벽 LL_Set16.png
Images\Ship Wall LL_Set17.png	Images\함선 벽 LL_Set17.png
Images\Ship Wall LL_Set18.png	Images\함선 벽 LL_Set18.png
Images\Ship Wall LL_Set19.png	Images\함선 벽 LL_Set19.png
Images\Ship Wall LL_Set2.png	Images\함선 벽 LL_Set2.png
Images\Ship Wall LL_Set20.png	Images\함선 벽 LL_Set20.png
Images\Ship Wall LL_Set21.png	Images\함선 벽 LL_Set21.png
Images\Ship Wall LL_Set22.png	Images\함선 벽 LL_Set22.png
Images\Ship Wall LL_Set23.png	Images\함선 벽 LL_Set23.png
Images\Ship Wall LL_Set24.png	Images\함선 벽 LL_Set24.png
Images\Ship Wall LL_Set25.png	Images\함선 벽 LL_Set25.png
Images\Ship Wall LL_Set26.png	Images\함선 벽 LL_Set26.png
Images\Ship Wall LL_Set27.png	Images\함선 벽 LL_Set27.png
Images\Ship Wall LL_Set28.png	Images\함선 벽 LL_Set28.png
Images\Ship Wall LL_Set29.png	Images\함선 벽 LL_Set29.png
Images\Ship Wall LL_Set3.png	Images\함선 벽 LL_Set3.png
Images\Ship Wall LL_Set4.png	Images\함선 벽 LL_Set4.png
Images\Ship Wall LL_Set49.png	Images\함선 벽 LL_Set49.png
Images\Ship Wall LL_Set5.png	Images\함선 벽 LL_Set5.png
Images\Ship Wall LL_Set50.png	Images\함선 벽 LL_Set50.png
Images\Ship Wall LL_Set5x.png	Images\함선 벽 LL_Set5x.png
Images\Ship Wall LL_Set6.png	Images\함선 벽 LL_Set6.png
Images\Ship Wall LL_Set7.png	Images\함선 벽 LL_Set7.png
Images\Ship Wall LL_Set8.png	Images\함선 벽 LL_Set8.png
Images\Ship Wall LL_Set9.png	Images\함선 벽 LL_Set9.png
Images\Ship Wall LR.png	Images\함선 벽 LR.png
Images\Ship Wall LR_Set1.png	Images\함선 벽 LR_Set1.png
Images\Ship Wall LR_Set10.png	Images\함선 벽 LR_Set10.png
Images\Ship Wall LR_Set11.png	Images\함선 벽 LR_Set11.png
Images\Ship Wall LR_Set12.png	Images\함선 벽 LR_Set12.png
Images\Ship Wall LR_Set13.png	Images\함선 벽 LR_Set13.png
Images\Ship Wall LR_Set14.png	Images\함선 벽 LR_Set14.png
Images\Ship Wall LR_Set15.png	Images\함선 벽 LR_Set15.png
Images\Ship Wall LR_Set16.png	Images\함선 벽 LR_Set16.png
Images\Ship Wall LR_Set17.png	Images\함선 벽 LR_Set17.png
Images\Ship Wall LR_Set18.png	Images\함선 벽 LR_Set18.png
Images\Ship Wall LR_Set19.png	Images\함선 벽 LR_Set19.png
Images\Ship Wall LR_Set2.png	Images\함선 벽 LR_Set2.png
Images\Ship Wall LR_Set20.png	Images\함선 벽 LR_Set20.png
Images\Ship Wall LR_Set21.png	Images\함선 벽 LR_Set21.png
Images\Ship Wall LR_Set22.png	Images\함선 벽 LR_Set22.png
Images\Ship Wall LR_Set23.png	Images\함선 벽 LR_Set23.png
Images\Ship Wall LR_Set24.png	Images\함선 벽 LR_Set24.png
Images\Ship Wall LR_Set25.png	Images\함선 벽 LR_Set25.png
Images\Ship Wall LR_Set26.png	Images\함선 벽 LR_Set26.png
Images\Ship Wall LR_Set27.png	Images\함선 벽 LR_Set27.png
Images\Ship Wall LR_Set28.png	Images\함선 벽 LR_Set28.png
Images\Ship Wall LR_Set29.png	Images\함선 벽 LR_Set29.png
Images\Ship Wall LR_Set3.png	Images\함선 벽 LR_Set3.png
Images\Ship Wall LR_Set4.png	Images\함선 벽 LR_Set4.png
Images\Ship Wall LR_Set49.png	Images\함선 벽 LR_Set49.png
Images\Ship Wall LR_Set5.png	Images\함선 벽 LR_Set5.png
Images\Ship Wall LR_Set50.png	Images\함선 벽 LR_Set50.png
Images\Ship Wall LR_Set6.png	Images\함선 벽 LR_Set6.png
Images\Ship Wall LR_Set7.png	Images\함선 벽 LR_Set7.png
Images\Ship Wall LR_Set8.png	Images\함선 벽 LR_Set8.png
Images\Ship Wall LR_Set9.png	Images\함선 벽 LR_Set9.png
Images\Ship Wall UL.png	Images\함선 벽 UL.png
Images\Ship Wall UL_Set1.png	Images\함선 벽 UL_Set1.png
Images\Ship Wall UL_Set10.png	Images\함선 벽 UL_Set10.png
Images\Ship Wall UL_Set11.png	Images\함선 벽 UL_Set11.png
Images\Ship Wall UL_Set12.png	Images\함선 벽 UL_Set12.png
Images\Ship Wall UL_Set13.png	Images\함선 벽 UL_Set13.png
Images\Ship Wall UL_Set14.png	Images\함선 벽 UL_Set14.png
Images\Ship Wall UL_Set15.png	Images\함선 벽 UL_Set15.png
Images\Ship Wall UL_Set16.png	Images\함선 벽 UL_Set16.png
Images\Ship Wall UL_Set17.png	Images\함선 벽 UL_Set17.png
Images\Ship Wall UL_Set18.png	Images\함선 벽 UL_Set18.png
Images\Ship Wall UL_Set19.png	Images\함선 벽 UL_Set19.png
Images\Ship Wall UL_Set2.png	Images\함선 벽 UL_Set2.png
Images\Ship Wall UL_Set20.png	Images\함선 벽 UL_Set20.png
Images\Ship Wall UL_Set21.png	Images\함선 벽 UL_Set21.png
Images\Ship Wall UL_Set22.png	Images\함선 벽 UL_Set22.png
Images\Ship Wall UL_Set23.png	Images\함선 벽 UL_Set23.png
Images\Ship Wall UL_Set24.png	Images\함선 벽 UL_Set24.png
Images\Ship Wall UL_Set25.png	Images\함선 벽 UL_Set25.png
Images\Ship Wall UL_Set26.png	Images\함선 벽 UL_Set26.png
Images\Ship Wall UL_Set27.png	Images\함선 벽 UL_Set27.png
Images\Ship Wall UL_Set28.png	Images\함선 벽 UL_Set28.png
Images\Ship Wall UL_Set29.png	Images\함선 벽 UL_Set29.png
Images\Ship Wall UL_Set3.png	Images\함선 벽 UL_Set3.png
Images\Ship Wall UL_Set4.png	Images\함선 벽 UL_Set4.png
Images\Ship Wall UL_Set49.png	Images\함선 벽 UL_Set49.png
Images\Ship Wall UL_Set5.png	Images\함선 벽 UL_Set5.png
Images\Ship Wall UL_Set50.png	Images\함선 벽 UL_Set50.png
Images\Ship Wall UL_Set6.png	Images\함선 벽 UL_Set6.png
Images\Ship Wall UL_Set7.png	Images\함선 벽 UL_Set7.png
Images\Ship Wall UL_Set8.png	Images\함선 벽 UL_Set8.png
Images\Ship Wall UL_Set9.png	Images\함선 벽 UL_Set9.png
Images\Ship Wall UR.png	Images\함선 벽 UR.png
Images\Ship Wall UR_Set1.png	Images\함선 벽 UR_Set1.png
Images\Ship Wall UR_Set10.png	Images\함선 벽 UR_Set10.png
Images\Ship Wall UR_Set11.png	Images\함선 벽 UR_Set11.png
Images\Ship Wall UR_Set12.png	Images\함선 벽 UR_Set12.png
Images\Ship Wall UR_Set13.png	Images\함선 벽 UR_Set13.png
Images\Ship Wall UR_Set14.png	Images\함선 벽 UR_Set14.png
Images\Ship Wall UR_Set15.png	Images\함선 벽 UR_Set15.png
Images\Ship Wall UR_Set16.png	Images\함선 벽 UR_Set16.png
Images\Ship Wall UR_Set17.png	Images\함선 벽 UR_Set17.png
Images\Ship Wall UR_Set18.png	Images\함선 벽 UR_Set18.png
Images\Ship Wall UR_Set19.png	Images\함선 벽 UR_Set19.png
Images\Ship Wall UR_Set2.png	Images\함선 벽 UR_Set2.png
Images\Ship Wall UR_Set20.png	Images\함선 벽 UR_Set20.png
Images\Ship Wall UR_Set21.png	Images\함선 벽 UR_Set21.png
Images\Ship Wall UR_Set22.png	Images\함선 벽 UR_Set22.png
Images\Ship Wall UR_Set23.png	Images\함선 벽 UR_Set23.png
Images\Ship Wall UR_Set24.png	Images\함선 벽 UR_Set24.png
Images\Ship Wall UR_Set25.png	Images\함선 벽 UR_Set25.png
Images\Ship Wall UR_Set26.png	Images\함선 벽 UR_Set26.png
Images\Ship Wall UR_Set27.png	Images\함선 벽 UR_Set27.png
Images\Ship Wall UR_Set28.png	Images\함선 벽 UR_Set28.png
Images\Ship Wall UR_Set29.png	Images\함선 벽 UR_Set29.png
Images\Ship Wall UR_Set3.png	Images\함선 벽 UR_Set3.png
Images\Ship Wall UR_Set4.png	Images\함선 벽 UR_Set4.png
Images\Ship Wall UR_Set49.png	Images\함선 벽 UR_Set49.png
Images\Ship Wall UR_Set5.png	Images\함선 벽 UR_Set5.png
Images\Ship Wall UR_Set50.png	Images\함선 벽 UR_Set50.png
Images\Ship Wall UR_Set6.png	Images\함선 벽 UR_Set6.png
Images\Ship Wall UR_Set7.png	Images\함선 벽 UR_Set7.png
Images\Ship Wall UR_Set8.png	Images\함선 벽 UR_Set8.png
Images\Ship Wall UR_Set9.png	Images\함선 벽 UR_Set9.png
Images\Ship Wall.png	Images\함선 벽.png
Images\Ship Wall_Set1.png	Images\함선 벽_Set1.png
Images\Ship Wall_Set10.png	Images\함선 벽_Set10.png
Images\Ship Wall_Set11.png	Images\함선 벽_Set11.png
Images\Ship Wall_Set12.png	Images\함선 벽_Set12.png
Images\Ship Wall_Set13.png	Images\함선 벽_Set13.png
Images\Ship Wall_Set14.png	Images\함선 벽_Set14.png
Images\Ship Wall_Set15.png	Images\함선 벽_Set15.png
Images\Ship Wall_Set16.png	Images\함선 벽_Set16.png
Images\Ship Wall_Set17.png	Images\함선 벽_Set17.png
Images\Ship Wall_Set18.png	Images\함선 벽_Set18.png
Images\Ship Wall_Set19.png	Images\함선 벽_Set19.png
Images\Ship Wall_Set2.png	Images\함선 벽_Set2.png
Images\Ship Wall_Set20.png	Images\함선 벽_Set20.png
Images\Ship Wall_Set21.png	Images\함선 벽_Set21.png
Images\Ship Wall_Set22.png	Images\함선 벽_Set22.png
Images\Ship Wall_Set23.png	Images\함선 벽_Set23.png
Images\Ship Wall_Set23@2x.png	Images\함선 벽_Set23@2x.png
Images\Ship Wall_Set24.png	Images\함선 벽_Set24.png
Images\Ship Wall_Set24@2x.png	Images\함선 벽_Set24@2x.png
Images\Ship Wall_Set25.png	Images\함선 벽_Set25.png
Images\Ship Wall_Set26.png	Images\함선 벽_Set26.png
Images\Ship Wall_Set26@2x.png	Images\함선 벽_Set26@2x.png
Images\Ship Wall_Set27.png	Images\함선 벽_Set27.png
Images\Ship Wall_Set28.png	Images\함선 벽_Set28.png
Images\Ship Wall_Set29.png	Images\함선 벽_Set29.png
Images\Ship Wall_Set3.png	Images\함선 벽_Set3.png
Images\Ship Wall_Set4.png	Images\함선 벽_Set4.png
Images\Ship Wall_Set49.png	Images\함선 벽_Set49.png
Images\Ship Wall_Set5.png	Images\함선 벽_Set5.png
Images\Ship Wall_Set50.png	Images\함선 벽_Set50.png
Images\Ship Wall_Set6.png	Images\함선 벽_Set6.png
Images\Ship Wall_Set7.png	Images\함선 벽_Set7.png
Images\Ship Wall_Set8.png	Images\함선 벽_Set8.png
Images\Ship Wall_Set9.png	Images\함선 벽_Set9.png
Images\ShipComponents\Cloak_Strategic_1.png	Images\ShipComponents\은폐_Strategic_1.png
Images\ShipComponents\Cloak_Strategic_2.png	Images\ShipComponents\은폐_Strategic_2.png
Images\ShipComponents\Cloak_Strategic_3.png	Images\ShipComponents\은폐_Strategic_3.png
Images\ShipComponents\Cloak_Strategic_4.png	Images\ShipComponents\은폐_Strategic_4.png
Images\ShipComponents\Cloak_Strategic_5.png	Images\ShipComponents\은폐_Strategic_5.png
Images\ShipComponents\Cloak_Tactical_1.png	Images\ShipComponents\은폐_Tactical_1.png
Images\ShipComponents\Cloak_Tactical_2.png	Images\ShipComponents\은폐_Tactical_2.png
Images\ShipComponents\Cloak_Tactical_3.png	Images\ShipComponents\은폐_Tactical_3.png
Images\ShipComponents\Cloak_Tactical_4.png	Images\ShipComponents\은폐_Tactical_4.png
Images\ShipComponents\Cloak_Tactical_5.png	Images\ShipComponents\은폐_Tactical_5.png
Images\ShipComponents\Engine_Afterburner_1.png	Images\ShipComponents\엔진_Afterburner_1.png
Images\ShipComponents\Engine_Afterburner_2.png	Images\ShipComponents\엔진_Afterburner_2.png
Images\ShipComponents\Engine_Afterburner_3.png	Images\ShipComponents\엔진_Afterburner_3.png
Images\ShipComponents\Engine_Efficient_1.png	Images\ShipComponents\엔진_Efficient_1.png
Images\ShipComponents\Engine_Efficient_2.png	Images\ShipComponents\엔진_Efficient_2.png
Images\ShipComponents\Engine_Efficient_3.png	Images\ShipComponents\엔진_Efficient_3.png
Images\ShipComponents\Engine_Maneuvering_1.png	Images\ShipComponents\엔진_Maneuvering_1.png
Images\ShipComponents\Engine_Maneuvering_2.png	Images\ShipComponents\엔진_Maneuvering_2.png
Images\ShipComponents\Engine_Maneuvering_3.png	Images\ShipComponents\엔진_Maneuvering_3.png
Images\ShipComponents\Engine_Normal_1.png	Images\ShipComponents\엔진_Normal_1.png
Images\ShipComponents\Engine_Normal_2.png	Images\ShipComponents\엔진_Normal_2.png
Images\ShipComponents\Engine_Normal_3.png	Images\ShipComponents\엔진_Normal_3.png
Images\ShipComponents\Engine_Normal_4.png	Images\ShipComponents\엔진_Normal_4.png
Images\ShipComponents\Engine_Normal_5.png	Images\ShipComponents\엔진_Normal_5.png
Images\ShipComponents\Reactor_Blue1.png	Images\ShipComponents\반응로_Blue1.png
Images\ShipComponents\Reactor_Blue2.png	Images\ShipComponents\반응로_Blue2.png
Images\ShipComponents\Reactor_Blue3.png	Images\ShipComponents\반응로_Blue3.png
Images\ShipComponents\Reactor_Blue4.png	Images\ShipComponents\반응로_Blue4.png
Images\ShipComponents\Reactor_Blue5.png	Images\ShipComponents\반응로_Blue5.png
Images\ShipComponents\Reactor_Gold1.png	Images\ShipComponents\반응로_Gold1.png
Images\ShipComponents\Reactor_Gold2.png	Images\ShipComponents\반응로_Gold2.png
Images\ShipComponents\Reactor_Gold3.png	Images\ShipComponents\반응로_Gold3.png
Images\ShipComponents\Reactor_Gold4.png	Images\ShipComponents\반응로_Gold4.png
Images\ShipComponents\Reactor_Gold5.png	Images\ShipComponents\반응로_Gold5.png
Images\ShipComponents\Reactor_Green1.png	Images\ShipComponents\반응로_Green1.png
Images\ShipComponents\Reactor_Green2.png	Images\ShipComponents\반응로_Green2.png
Images\ShipComponents\Reactor_Green3.png	Images\ShipComponents\반응로_Green3.png
Images\ShipComponents\Reactor_Green4.png	Images\ShipComponents\반응로_Green4.png
Images\ShipComponents\Reactor_Green5.png	Images\ShipComponents\반응로_Green5.png
Images\ShipComponents\Reactor_Purple1.png	Images\ShipComponents\반응로_Purple1.png
Images\ShipComponents\Reactor_Purple2.png	Images\ShipComponents\반응로_Purple2.png
Images\ShipComponents\Reactor_Purple3.png	Images\ShipComponents\반응로_Purple3.png
Images\ShipComponents\Reactor_Purple4.png	Images\ShipComponents\반응로_Purple4.png
Images\ShipComponents\Reactor_Purple5.png	Images\ShipComponents\반응로_Purple5.png
Images\ShipComponents\Reactor_Red1.png	Images\ShipComponents\반응로_Red1.png
Images\ShipComponents\Reactor_Red2.png	Images\ShipComponents\반응로_Red2.png
Images\ShipComponents\Reactor_Red3.png	Images\ShipComponents\반응로_Red3.png
Images\ShipComponents\Reactor_Red4.png	Images\ShipComponents\반응로_Red4.png
Images\ShipComponents\Reactor_Red5.png	Images\ShipComponents\반응로_Red5.png
Images\ShipComponents\Shield_1.png	Images\ShipComponents\보호막_1.png
Images\ShipComponents\Shield_10.png	Images\ShipComponents\보호막_10.png
Images\ShipComponents\Shield_11.png	Images\ShipComponents\보호막_11.png
Images\ShipComponents\Shield_12.png	Images\ShipComponents\보호막_12.png
Images\ShipComponents\Shield_13.png	Images\ShipComponents\보호막_13.png
Images\ShipComponents\Shield_2.png	Images\ShipComponents\보호막_2.png
Images\ShipComponents\Shield_3.png	Images\ShipComponents\보호막_3.png
Images\ShipComponents\Shield_4.png	Images\ShipComponents\보호막_4.png
Images\ShipComponents\Shield_5.png	Images\ShipComponents\보호막_5.png
Images\ShipComponents\Shield_6.png	Images\ShipComponents\보호막_6.png
Images\ShipComponents\Shield_7.png	Images\ShipComponents\보호막_7.png
Images\ShipComponents\Shield_8.png	Images\ShipComponents\보호막_8.png
Images\ShipComponents\Shield_9.png	Images\ShipComponents\보호막_9.png
Images\ShipComponents\Warp_Efficient_1.png	Images\ShipComponents\워프_Efficient_1.png
Images\ShipComponents\Warp_Efficient_2.png	Images\ShipComponents\워프_Efficient_2.png
Images\ShipComponents\Warp_Efficient_3.png	Images\ShipComponents\워프_Efficient_3.png
Images\ShipComponents\Warp_Expensive_1.png	Images\ShipComponents\워프_Expensive_1.png
Images\ShipComponents\Warp_Expensive_2.png	Images\ShipComponents\워프_Expensive_2.png
Images\ShipComponents\Warp_Expensive_3.png	Images\ShipComponents\워프_Expensive_3.png
Images\ShipComponents\Warp_Expensive_4.png	Images\ShipComponents\워프_Expensive_4.png
Images\ShipComponents\Warp_Expensive_5.png	Images\ShipComponents\워프_Expensive_5.png
Images\ShipComponents\Warp_Long_1.png	Images\ShipComponents\워프_Long_1.png
Images\ShipComponents\Warp_Long_2.png	Images\ShipComponents\워프_Long_2.png
Images\ShipComponents\Warp_Long_3.png	Images\ShipComponents\워프_Long_3.png
Images\ShipComponents\Warp_Normal_1.png	Images\ShipComponents\워프_Normal_1.png
Images\ShipComponents\Warp_Normal_2.png	Images\ShipComponents\워프_Normal_2.png
Images\ShipComponents\Warp_Normal_3.png	Images\ShipComponents\워프_Normal_3.png
Images\ShipComponents\Warp_Rapid_1.png	Images\ShipComponents\워프_Rapid_1.png
Images\ShipComponents\Warp_Rapid_2.png	Images\ShipComponents\워프_Rapid_2.png
Images\ShipComponents\Warp_Rapid_3.png	Images\ShipComponents\워프_Rapid_3.png
Images\ShipWreck_Tow.png	Images\난파선_Tow.png
Images\ShipWreck_Tow_B.png	Images\난파선_Tow_B.png
Images\Shipwreck.png	Images\난파선.png
Images\Shipwreck_Casino.png	Images\난파선_Casino.png
Images\Shipwreck_Corsair.png	Images\난파선_Corsair.png
Images\Shipwreck_Counselor.png	Images\난파선_Counselor.png
Images\Shipwreck_Cruiser.png	Images\난파선_Cruiser.png
Images\Shipwreck_Dealer.png	Images\난파선_Dealer.png
Images\Shipwreck_Destroyer.png	Images\난파선_Destroyer.png
Images\Shipwreck_Explorer.png	Images\난파선_Explorer.png
Images\Shipwreck_Hauler.png	Images\난파선_Hauler.png
Images\Shipwreck_Hostitian.png	Images\난파선_Hostitian.png
Images\Shipwreck_MercHunter.png	Images\난파선_MercHunter.png
Images\Shipwreck_Miner.png	Images\난파선_Miner.png
Images\Shipwreck_Negotiator.png	Images\난파선_Negotiator.png
Images\Shipwreck_Observer.png	Images\난파선_Observer.png
Images\Shipwreck_Pirate.png	Images\난파선_Pirate.png
Images\Shipwreck_Pugilist.png	Images\난파선_Pugilist.png
Images\Shipwreck_Ravager.png	Images\난파선_Ravager.png
Images\Shipwreck_Scout.png	Images\난파선_Scout.png
Images\Shipwreck_ScrapHound.png	Images\난파선_ScrapHound.png
Images\Shipwreck_Sentinel.png	Images\난파선_Sentinel.png
Images\Shipwreck_Sil.png	Images\난파선_Sil.png
Images\Shipwreck_StarSkimmer.png	Images\난파선_StarSkimmer.png
Images\Shipwreck_Trader.png	Images\난파선_Trader.png
Images\Shipwreck_Wanderer.png	Images\난파선_Wanderer.png
Images\Shipwreck_Yacht.png	Images\난파선_Yacht.png
Images\Short Circuit.png	Images\합선.png
Images\Shuttle.png	Images\셔틀.png
Images\Sigorn Warehouse.png	Images\시고른 창고.png
Images\Silver_Temple Wall_Set1.png	Images\은빛_Temple Wall_Set1.png
Images\Silver_Temple Wall_Set10.png	Images\은빛_Temple Wall_Set10.png
Images\Silver_Temple Wall_Set2.png	Images\은빛_Temple Wall_Set2.png
Images\Silver_Temple Wall_Set3.png	Images\은빛_Temple Wall_Set3.png
Images\Silver_Temple Wall_Set4.png	Images\은빛_Temple Wall_Set4.png
Images\Silver_Temple Wall_Set5.png	Images\은빛_Temple Wall_Set5.png
Images\Silver_Temple Wall_Set6.png	Images\은빛_Temple Wall_Set6.png
Images\Silver_Temple Wall_Set7.png	Images\은빛_Temple Wall_Set7.png
Images\Silver_Temple Wall_Set8.png	Images\은빛_Temple Wall_Set8.png
Images\Silver_Temple Wall_Set9.png	Images\은빛_Temple Wall_Set9.png
Images\Sinkhole.png	Images\싱크홀.png
Images\Smoke.png	Images\연기.png
Images\Smuggler.png	Images\밀수업자.png
Images\Snow.png	Images\눈.png
Images\Soft Ground.png	Images\무른 땅.png
Images\Solidified Metal.png	Images\굳은 금속.png
Images\Something Growing.png	Images\무언가 자라는 곳.png
Images\Space Dust.png	Images\우주 먼지.png
Images\Space.png	Images\우주.png
Images\Space_bkg1.png	Images\우주_bkg1.png
Images\Space_bkg2.png	Images\우주_bkg2.png
Images\Space_bkg3.png	Images\우주_bkg3.png
Images\Space_bkg4.png	Images\우주_bkg4.png
Images\Space_bkg5.png	Images\우주_bkg5.png
Images\Space_bkg6.png	Images\우주_bkg6.png
Images\Spy Data.png	Images\첩보 데이터.png
Images\Star Temple.png	Images\별 사원.png
Images\Star-Skimmer.png	Images\스타스키머.png
Images\Star.png	Images\항성.png
Images\Star_Flare_Bkg1.png	Images\항성_Flare_Bkg1.png
Images\Stasis Cube.png	Images\정지 큐브.png
Images\StatsIcons\Stats_AT.png	Images\StatsIcons\능력치_AT.png
Images\StatsIcons\Stats_ATLevel.png	Images\StatsIcons\능력치_ATLevel.png
Images\StatsIcons\Stats_ATSpeed.png	Images\StatsIcons\능력치_ATSpeed.png
Images\StatsIcons\Stats_Achievements.png	Images\StatsIcons\능력치_Achievements.png
Images\StatsIcons\Stats_Artifacts.png	Images\StatsIcons\능력치_Artifacts.png
Images\StatsIcons\Stats_Asteroids.png	Images\StatsIcons\능력치_Asteroids.png
Images\StatsIcons\Stats_AwayTeam.png	Images\StatsIcons\능력치_AwayTeam.png
Images\StatsIcons\Stats_AwayTeamLevel.png	Images\StatsIcons\능력치_AwayTeamLevel.png
Images\StatsIcons\Stats_AwayTeamSpeed.png	Images\StatsIcons\능력치_AwayTeamSpeed.png
Images\StatsIcons\Stats_CSU-b.png	Images\StatsIcons\능력치_CSU-b.png
Images\StatsIcons\Stats_CSU1.png	Images\StatsIcons\능력치_CSU1.png
Images\StatsIcons\Stats_Cargo.png	Images\StatsIcons\능력치_Cargo.png
Images\StatsIcons\Stats_CaveDepth.png	Images\StatsIcons\능력치_CaveDepth.png
Images\StatsIcons\Stats_Caves.png	Images\StatsIcons\능력치_Caves.png
Images\StatsIcons\Stats_CheatsOff.png	Images\StatsIcons\능력치_CheatsOff.png
Images\StatsIcons\Stats_CheatsOn.png	Images\StatsIcons\능력치_CheatsOn.png
Images\StatsIcons\Stats_Codes.png	Images\StatsIcons\능력치_Codes.png
Images\StatsIcons\Stats_Crafted.png	Images\StatsIcons\능력치_Crafted.png
Images\StatsIcons\Stats_Crafting.png	Images\StatsIcons\능력치_Crafting.png
Images\StatsIcons\Stats_Credits.png	Images\StatsIcons\능력치_Credits.png
Images\StatsIcons\Stats_Crew.png	Images\StatsIcons\능력치_Crew.png
Images\StatsIcons\Stats_Data.png	Images\StatsIcons\능력치_Data.png
Images\StatsIcons\Stats_Deaths.png	Images\StatsIcons\능력치_Deaths.png
Images\StatsIcons\Stats_DifficultyEasy.png	Images\StatsIcons\능력치_DifficultyEasy.png
Images\StatsIcons\Stats_DifficultyHard.png	Images\StatsIcons\능력치_DifficultyHard.png
Images\StatsIcons\Stats_DifficultyInsane.png	Images\StatsIcons\능력치_DifficultyInsane.png
Images\StatsIcons\Stats_DifficultyMedium.png	Images\StatsIcons\능력치_DifficultyMedium.png
Images\StatsIcons\Stats_Disease.png	Images\StatsIcons\능력치_Disease.png
Images\StatsIcons\Stats_DiseaseBlight.png	Images\StatsIcons\능력치_DiseaseBlight.png
Images\StatsIcons\Stats_Effects.png	Images\StatsIcons\능력치_Effects.png
Images\StatsIcons\Stats_EnemyShipKills.png	Images\StatsIcons\능력치_EnemyShipKills.png
Images\StatsIcons\Stats_EscapePods.png	Images\StatsIcons\능력치_EscapePods.png
Images\StatsIcons\Stats_Evasion.png	Images\StatsIcons\능력치_Evasion.png
Images\StatsIcons\Stats_Fame.png	Images\StatsIcons\능력치_Fame.png
Images\StatsIcons\Stats_Firax.png	Images\StatsIcons\능력치_Firax.png
Images\StatsIcons\Stats_GameEasy.png	Images\StatsIcons\능력치_GameEasy.png
Images\StatsIcons\Stats_GameHard.png	Images\StatsIcons\능력치_GameHard.png
Images\StatsIcons\Stats_GameInsane.png	Images\StatsIcons\능력치_GameInsane.png
Images\StatsIcons\Stats_GameMedium.png	Images\StatsIcons\능력치_GameMedium.png
Images\StatsIcons\Stats_HiSec-B.png	Images\StatsIcons\능력치_HiSec-B.png
Images\StatsIcons\Stats_HiSec.png	Images\StatsIcons\능력치_HiSec.png
Images\StatsIcons\Stats_Hull.png	Images\StatsIcons\능력치_Hull.png
Images\StatsIcons\Stats_Infamy.png	Images\StatsIcons\능력치_Infamy.png
Images\StatsIcons\Stats_Kills-b.png	Images\StatsIcons\능력치_Kills-b.png
Images\StatsIcons\Stats_Kills.png	Images\StatsIcons\능력치_Kills.png
Images\StatsIcons\Stats_LevelUp.png	Images\StatsIcons\능력치_LevelUp.png
Images\StatsIcons\Stats_MetasOn.png	Images\StatsIcons\능력치_MetasOn.png
Images\StatsIcons\Stats_ModeDeath.png	Images\StatsIcons\능력치_ModeDeath.png
Images\StatsIcons\Stats_ModeNormal.png	Images\StatsIcons\능력치_ModeNormal.png
Images\StatsIcons\Stats_PermaDeath.png	Images\StatsIcons\능력치_PermaDeath.png
Images\StatsIcons\Stats_Planets.png	Images\StatsIcons\능력치_Planets.png
Images\StatsIcons\Stats_Pylons.png	Images\StatsIcons\능력치_Pylons.png
Images\StatsIcons\Stats_Quests.png	Images\StatsIcons\능력치_Quests.png
Images\StatsIcons\Stats_SYToken.png	Images\StatsIcons\능력치_SYToken.png
Images\StatsIcons\Stats_Salvaged.png	Images\StatsIcons\능력치_Salvaged.png
Images\StatsIcons\Stats_Schematics.png	Images\StatsIcons\능력치_Schematics.png
Images\StatsIcons\Stats_ShipwrecksTowed.png	Images\StatsIcons\능력치_ShipwrecksTowed.png
Images\StatsIcons\Stats_Smuggle.png	Images\StatsIcons\능력치_Smuggle.png
Images\StatsIcons\Stats_SpacePowers.png	Images\StatsIcons\능력치_SpacePowers.png
Images\StatsIcons\Stats_Speed.png	Images\StatsIcons\능력치_Speed.png
Images\StatsIcons\Stats_Supplies.png	Images\StatsIcons\능력치_Supplies.png
Images\StatsIcons\Stats_Terra.png	Images\StatsIcons\능력치_Terra.png
Images\StatsIcons\Stats_Terrain.png	Images\StatsIcons\능력치_Terrain.png
Images\StatsIcons\Stats_TimePlayed.png	Images\StatsIcons\능력치_TimePlayed.png
Images\StatsIcons\Stats_TurnsPlayed.png	Images\StatsIcons\능력치_TurnsPlayed.png
Images\StatsIcons\Stats_Wrecks.png	Images\StatsIcons\능력치_Wrecks.png
Images\StatsIcons\Stats_blank.png	Images\StatsIcons\능력치_blank.png
Images\Stealth Runner.png	Images\스텔스 러너.png
Images\Stealth Runner_boss.png	Images\스텔스 러너_boss.png
Images\Stone Cave Wall.png	Images\암석 동굴 벽.png
Images\Stone.png	Images\돌.png
Images\Strange Landmark.png	Images\이상한 지형지물.png
Images\Subspace Wave.png	Images\아공간 파동.png
Images\Suits\Suit_Fut1.png	Images\Suits\슈트_Fut1.png
Images\Suits\Suit_Fut2.png	Images\Suits\슈트_Fut2.png
Images\Suits\Suit_Fut3.png	Images\Suits\슈트_Fut3.png
Images\Suits\Suit_Fut4.png	Images\Suits\슈트_Fut4.png
Images\Suits\Suit_Fut5.png	Images\Suits\슈트_Fut5.png
Images\Suits\Suit_Fut6.png	Images\Suits\슈트_Fut6.png
Images\Suits\Suit_Fut7.png	Images\Suits\슈트_Fut7.png
Images\Suits\Suit_Fut8.png	Images\Suits\슈트_Fut8.png
Images\Suits\Suit_Fut9.png	Images\Suits\슈트_Fut9.png
Images\Suits\Suit_Gen1.png	Images\Suits\슈트_Gen1.png
Images\Suits\Suit_Gen2.png	Images\Suits\슈트_Gen2.png
Images\Suits\Suit_Gen3.png	Images\Suits\슈트_Gen3.png
Images\Suits\Suit_Gen4.png	Images\Suits\슈트_Gen4.png
Images\Suits\Suit_Gen5.png	Images\Suits\슈트_Gen5.png
Images\Suits\Suit_Gen6.png	Images\Suits\슈트_Gen6.png
Images\Suits\Suit_Gen7.png	Images\Suits\슈트_Gen7.png
Images\Suits\Suit_Gen8.png	Images\Suits\슈트_Gen8.png
Images\Suits\Suit_Gen9.png	Images\Suits\슈트_Gen9.png
Images\Suits\Suit_HP1.png	Images\Suits\슈트_HP1.png
Images\Suits\Suit_HP2.png	Images\Suits\슈트_HP2.png
Images\Suits\Suit_HP3.png	Images\Suits\슈트_HP3.png
Images\Suits\Suit_HP4.png	Images\Suits\슈트_HP4.png
Images\Suits\Suit_HP5.png	Images\Suits\슈트_HP5.png
Images\Suits\Suit_HP6.png	Images\Suits\슈트_HP6.png
Images\Suits\Suit_HP7.png	Images\Suits\슈트_HP7.png
Images\Suits\Suit_HP8.png	Images\Suits\슈트_HP8.png
Images\Suits\Suit_HP9.png	Images\Suits\슈트_HP9.png
Images\Suits\Suit_Oxy1.png	Images\Suits\슈트_Oxy1.png
Images\Suits\Suit_Oxy2.png	Images\Suits\슈트_Oxy2.png
Images\Suits\Suit_Oxy3.png	Images\Suits\슈트_Oxy3.png
Images\Suits\Suit_Oxy4.png	Images\Suits\슈트_Oxy4.png
Images\Suits\Suit_Oxy5.png	Images\Suits\슈트_Oxy5.png
Images\Suits\Suit_Oxy6.png	Images\Suits\슈트_Oxy6.png
Images\Suits\Suit_Oxy7.png	Images\Suits\슈트_Oxy7.png
Images\Suits\Suit_Oxy8.png	Images\Suits\슈트_Oxy8.png
Images\Suits\Suit_Oxy9.png	Images\Suits\슈트_Oxy9.png
Images\Suits\Suit_Res1.png	Images\Suits\슈트_Res1.png
Images\Suits\Suit_Res2.png	Images\Suits\슈트_Res2.png
Images\Suits\Suit_Res3.png	Images\Suits\슈트_Res3.png
Images\Suits\Suit_Res4.png	Images\Suits\슈트_Res4.png
Images\Suits\Suit_Res5.png	Images\Suits\슈트_Res5.png
Images\Suits\Suit_Res6.png	Images\Suits\슈트_Res6.png
Images\Suits\Suit_Res7.png	Images\Suits\슈트_Res7.png
Images\Suits\Suit_Res8.png	Images\Suits\슈트_Res8.png
Images\Suits\Suit_Res9.png	Images\Suits\슈트_Res9.png
Images\Suits\Suit_Spd1.png	Images\Suits\슈트_Spd1.png
Images\Suits\Suit_Spd2.png	Images\Suits\슈트_Spd2.png
Images\Suits\Suit_Spd3.png	Images\Suits\슈트_Spd3.png
Images\Suits\Suit_Spd4.png	Images\Suits\슈트_Spd4.png
Images\Suits\Suit_Spd5.png	Images\Suits\슈트_Spd5.png
Images\Suits\Suit_Spd6.png	Images\Suits\슈트_Spd6.png
Images\Suits\Suit_Spd7.png	Images\Suits\슈트_Spd7.png
Images\Suits\Suit_Spd8.png	Images\Suits\슈트_Spd8.png
Images\Suits\Suit_Spd9.png	Images\Suits\슈트_Spd9.png
Images\Suits\Suit_Upg1.png	Images\Suits\슈트_Upg1.png
Images\Suits\Suit_Upg2.png	Images\Suits\슈트_Upg2.png
Images\Suits\Suit_Upg3.png	Images\Suits\슈트_Upg3.png
Images\Suits\Suit_Upg4.png	Images\Suits\슈트_Upg4.png
Images\Suits\Suit_Upg5.png	Images\Suits\슈트_Upg5.png
Images\Suits\Suit_Upg6.png	Images\Suits\슈트_Upg6.png
Images\Suits\Suit_Upg7.png	Images\Suits\슈트_Upg7.png
Images\Suits\Suit_Upg8.png	Images\Suits\슈트_Upg8.png
Images\Suits\Suit_Upg9.png	Images\Suits\슈트_Upg9.png
Images\Suits\Suit_Vis1.png	Images\Suits\슈트_Vis1.png
Images\Suits\Suit_Vis2.png	Images\Suits\슈트_Vis2.png
Images\Suits\Suit_Vis3.png	Images\Suits\슈트_Vis3.png
Images\Suits\Suit_Vis4.png	Images\Suits\슈트_Vis4.png
Images\Suits\Suit_Vis5.png	Images\Suits\슈트_Vis5.png
Images\Suits\Suit_Vis6.png	Images\Suits\슈트_Vis6.png
Images\Suits\Suit_Vis7.png	Images\Suits\슈트_Vis7.png
Images\Suits\Suit_Vis8.png	Images\Suits\슈트_Vis8.png
Images\Suits\Suit_Vis9.png	Images\Suits\슈트_Vis9.png
Images\Supplies.png	Images\보급품.png
Images\Teleport.png	Images\순간이동.png
Images\Teleport_Looker.png	Images\순간이동_Looker.png
Images\Temple Wall.png	Images\사원 벽.png
Images\Temple Wall_Set0.png	Images\사원 벽_Set0.png
Images\Temple Wall_Set1.png	Images\사원 벽_Set1.png
Images\Temple Wall_Set10.png	Images\사원 벽_Set10.png
Images\Temple Wall_Set11.png	Images\사원 벽_Set11.png
Images\Temple Wall_Set12.png	Images\사원 벽_Set12.png
Images\Temple Wall_Set2.png	Images\사원 벽_Set2.png
Images\Temple Wall_Set3.png	Images\사원 벽_Set3.png
Images\Temple Wall_Set4.png	Images\사원 벽_Set4.png
Images\Temple Wall_Set5.png	Images\사원 벽_Set5.png
Images\Temple Wall_Set6.png	Images\사원 벽_Set6.png
Images\Temple Wall_Set7.png	Images\사원 벽_Set7.png
Images\Temple Wall_Set8.png	Images\사원 벽_Set8.png
Images\Temple Wall_Set9.png	Images\사원 벽_Set9.png
Images\Tentaculon Laboratory.png	Images\텐타큘론 연구소.png
Images\Tentaculon_Caged.png	Images\텐타큘론_Caged.png
Images\Tentaculon_Caged_BIGGER.png	Images\텐타큘론_Caged_BIGGER.png
Images\Terran Planet.png	Images\지구형 행성.png
Images\Throw Grenade.png	Images\수류탄 투척.png
Images\Toxic Geyser.png	Images\독성 간헐천.png
Images\Toxic Planet.png	Images\독성 행성.png
Images\Trader.png	Images\무역선.png
Images\Tree.png	Images\나무.png
Images\Trees\Crystal Tree.png	Images\Trees\수정 나무.png
Images\Trees\Tree.png	Images\Trees\나무.png
Images\UINew\Division_Frame1.png	Images\UINew\사단_Frame1.png
Images\UINew\Division_Frame2.png	Images\UINew\사단_Frame2.png
Images\UINew\Division_Frame3.png	Images\UINew\사단_Frame3.png
Images\UINew\Officer_highlight-B.png	Images\UINew\장교_highlight-B.png
Images\UINew\Officer_highlight.png	Images\UINew\장교_highlight.png
Images\UINew\Quest_Top_Bkg1.png	Images\UINew\퀘스트_Top_Bkg1.png
Images\UINew\Skills_Dlg1.png	Images\UINew\스킬_Dlg1.png
Images\UNAVAILABLE.png	Images\사용 불가.png
Images\Unavailable_Component.png	Images\사용 불가_Component.png
Images\Unavailable_Device.png	Images\사용 불가_Device.png
Images\Unifier Hall.png	Images\유니파이어 회관.png
Images\Uplift Gate.png	Images\승강 게이트.png
Images\Vegetation.png	Images\초목.png
Images\Vertical Auto Door Open.png	Images\수직 자동문 (열림).png
Images\Vertical Auto Door Open_Set1.png	Images\수직 자동문 (열림)_Set1.png
Images\Vertical Auto Door Open_Set10.png	Images\수직 자동문 (열림)_Set10.png
Images\Vertical Auto Door Open_Set11.png	Images\수직 자동문 (열림)_Set11.png
Images\Vertical Auto Door Open_Set12.png	Images\수직 자동문 (열림)_Set12.png
Images\Vertical Auto Door Open_Set13.png	Images\수직 자동문 (열림)_Set13.png
Images\Vertical Auto Door Open_Set14.png	Images\수직 자동문 (열림)_Set14.png
Images\Vertical Auto Door Open_Set15.png	Images\수직 자동문 (열림)_Set15.png
Images\Vertical Auto Door Open_Set16.png	Images\수직 자동문 (열림)_Set16.png
Images\Vertical Auto Door Open_Set17.png	Images\수직 자동문 (열림)_Set17.png
Images\Vertical Auto Door Open_Set18.png	Images\수직 자동문 (열림)_Set18.png
Images\Vertical Auto Door Open_Set19.png	Images\수직 자동문 (열림)_Set19.png
Images\Vertical Auto Door Open_Set2.png	Images\수직 자동문 (열림)_Set2.png
Images\Vertical Auto Door Open_Set20.png	Images\수직 자동문 (열림)_Set20.png
Images\Vertical Auto Door Open_Set21.png	Images\수직 자동문 (열림)_Set21.png
Images\Vertical Auto Door Open_Set22.png	Images\수직 자동문 (열림)_Set22.png
Images\Vertical Auto Door Open_Set23.png	Images\수직 자동문 (열림)_Set23.png
Images\Vertical Auto Door Open_Set24.png	Images\수직 자동문 (열림)_Set24.png
Images\Vertical Auto Door Open_Set25.png	Images\수직 자동문 (열림)_Set25.png
Images\Vertical Auto Door Open_Set26.png	Images\수직 자동문 (열림)_Set26.png
Images\Vertical Auto Door Open_Set27.png	Images\수직 자동문 (열림)_Set27.png
Images\Vertical Auto Door Open_Set28.png	Images\수직 자동문 (열림)_Set28.png
Images\Vertical Auto Door Open_Set29.png	Images\수직 자동문 (열림)_Set29.png
Images\Vertical Auto Door Open_Set3.png	Images\수직 자동문 (열림)_Set3.png
Images\Vertical Auto Door Open_Set4.png	Images\수직 자동문 (열림)_Set4.png
Images\Vertical Auto Door Open_Set49.png	Images\수직 자동문 (열림)_Set49.png
Images\Vertical Auto Door Open_Set5.png	Images\수직 자동문 (열림)_Set5.png
Images\Vertical Auto Door Open_Set50.png	Images\수직 자동문 (열림)_Set50.png
Images\Vertical Auto Door Open_Set6.png	Images\수직 자동문 (열림)_Set6.png
Images\Vertical Auto Door Open_Set7.png	Images\수직 자동문 (열림)_Set7.png
Images\Vertical Auto Door Open_Set8.png	Images\수직 자동문 (열림)_Set8.png
Images\Vertical Auto Door Open_Set9.png	Images\수직 자동문 (열림)_Set9.png
Images\Vertical Auto Door.png	Images\수직 자동문.png
Images\Vertical Auto Door_Set1.png	Images\수직 자동문_Set1.png
Images\Vertical Auto Door_Set10.png	Images\수직 자동문_Set10.png
Images\Vertical Auto Door_Set11.png	Images\수직 자동문_Set11.png
Images\Vertical Auto Door_Set12.png	Images\수직 자동문_Set12.png
Images\Vertical Auto Door_Set13.png	Images\수직 자동문_Set13.png
Images\Vertical Auto Door_Set14.png	Images\수직 자동문_Set14.png
Images\Vertical Auto Door_Set15.png	Images\수직 자동문_Set15.png
Images\Vertical Auto Door_Set16.png	Images\수직 자동문_Set16.png
Images\Vertical Auto Door_Set17.png	Images\수직 자동문_Set17.png
Images\Vertical Auto Door_Set18.png	Images\수직 자동문_Set18.png
Images\Vertical Auto Door_Set19.png	Images\수직 자동문_Set19.png
Images\Vertical Auto Door_Set2.png	Images\수직 자동문_Set2.png
Images\Vertical Auto Door_Set20.png	Images\수직 자동문_Set20.png
Images\Vertical Auto Door_Set21.png	Images\수직 자동문_Set21.png
Images\Vertical Auto Door_Set22.png	Images\수직 자동문_Set22.png
Images\Vertical Auto Door_Set23.png	Images\수직 자동문_Set23.png
Images\Vertical Auto Door_Set24.png	Images\수직 자동문_Set24.png
Images\Vertical Auto Door_Set25.png	Images\수직 자동문_Set25.png
Images\Vertical Auto Door_Set26.png	Images\수직 자동문_Set26.png
Images\Vertical Auto Door_Set27.png	Images\수직 자동문_Set27.png
Images\Vertical Auto Door_Set28.png	Images\수직 자동문_Set28.png
Images\Vertical Auto Door_Set29.png	Images\수직 자동문_Set29.png
Images\Vertical Auto Door_Set3.png	Images\수직 자동문_Set3.png
Images\Vertical Auto Door_Set4.png	Images\수직 자동문_Set4.png
Images\Vertical Auto Door_Set49.png	Images\수직 자동문_Set49.png
Images\Vertical Auto Door_Set5.png	Images\수직 자동문_Set5.png
Images\Vertical Auto Door_Set50.png	Images\수직 자동문_Set50.png
Images\Vertical Auto Door_Set6.png	Images\수직 자동문_Set6.png
Images\Vertical Auto Door_Set7.png	Images\수직 자동문_Set7.png
Images\Vertical Auto Door_Set8.png	Images\수직 자동문_Set8.png
Images\Vertical Auto Door_Set9.png	Images\수직 자동문_Set9.png
Images\Vertical Door.png	Images\수직 문.png
Images\Vertical Door_Set1.png	Images\수직 문_Set1.png
Images\Vertical Door_Set10.png	Images\수직 문_Set10.png
Images\Vertical Door_Set11.png	Images\수직 문_Set11.png
Images\Vertical Door_Set12.png	Images\수직 문_Set12.png
Images\Vertical Door_Set13.png	Images\수직 문_Set13.png
Images\Vertical Door_Set14.png	Images\수직 문_Set14.png
Images\Vertical Door_Set15.png	Images\수직 문_Set15.png
Images\Vertical Door_Set16.png	Images\수직 문_Set16.png
Images\Vertical Door_Set17.png	Images\수직 문_Set17.png
Images\Vertical Door_Set18.png	Images\수직 문_Set18.png
Images\Vertical Door_Set19.png	Images\수직 문_Set19.png
Images\Vertical Door_Set2.png	Images\수직 문_Set2.png
Images\Vertical Door_Set20.png	Images\수직 문_Set20.png
Images\Vertical Door_Set21.png	Images\수직 문_Set21.png
Images\Vertical Door_Set22.png	Images\수직 문_Set22.png
Images\Vertical Door_Set23.png	Images\수직 문_Set23.png
Images\Vertical Door_Set24.png	Images\수직 문_Set24.png
Images\Vertical Door_Set25.png	Images\수직 문_Set25.png
Images\Vertical Door_Set26.png	Images\수직 문_Set26.png
Images\Vertical Door_Set27.png	Images\수직 문_Set27.png
Images\Vertical Door_Set28.png	Images\수직 문_Set28.png
Images\Vertical Door_Set29.png	Images\수직 문_Set29.png
Images\Vertical Door_Set3.png	Images\수직 문_Set3.png
Images\Vertical Door_Set4.png	Images\수직 문_Set4.png
Images\Vertical Door_Set49.png	Images\수직 문_Set49.png
Images\Vertical Door_Set5.png	Images\수직 문_Set5.png
Images\Vertical Door_Set50.png	Images\수직 문_Set50.png
Images\Vertical Door_Set6.png	Images\수직 문_Set6.png
Images\Vertical Door_Set7.png	Images\수직 문_Set7.png
Images\Vertical Door_Set8.png	Images\수직 문_Set8.png
Images\Vertical Door_Set9.png	Images\수직 문_Set9.png
Images\Victory-Monks.png	Images\승리의 수도승.png
Images\Victory-Tentaculon.png	Images\승리-텐타큘론.png
Images\Victory_Darken_Overlay.png	Images\빅토리_Darken_Overlay.png
Images\Victory_bkg5.png	Images\빅토리_bkg5.png
Images\Vix\GRAND UNIFICATION.png	Images\Vix\대통합.png
Images\Vix\TECHNOLOGICAL INDEPENDENCE.png	Images\Vix\기술적 독립.png
Images\Vix\THE AMULET OF YENDOR.png	Images\Vix\옌더의 아뮬렛.png
Images\Vix\Victory_bkg5.png	Images\Vix\빅토리_bkg5.png
Images\Volcano.png	Images\화산.png
Images\Vordalene Habitat.png	Images\보르달린 거주 시설.png
Images\Wanderer.png	Images\방랑자.png
Images\Wanderer_boss.png	Images\방랑자_boss.png
Images\Warning_Health_Low.png	Images\경고_Health_Low.png
Images\Warning_Oxygen_Low.png	Images\경고_Oxygen_Low.png
Images\Warning_Supply_Low-x.png	Images\경고_Supply_Low-x.png
Images\Warning_Supply_Low.png	Images\경고_Supply_Low.png
Images\Warp Point.png	Images\워프 지점.png
Images\White Flowers.png	Images\흰 꽃.png
Images\White Hole.png	Images\화이트홀.png
Images\White-World.png	Images\화이트 월드.png
Images\White.png	Images\하얀.png
Images\Whitespace.png	Images\백색 공간.png
Images\Wormhole.png	Images\웜홀.png
Images\YES.png	Images\네.png
Images\Yacht.png	Images\요트.png
Images\Yellow Force Field.png	Images\노란 역장.png
Images\beamer_blue.png	Images\빔건_blue.png
Images\beamer_green.png	Images\빔건_green.png
Images\beamer_orange.png	Images\빔건_orange.png
Images\beamer_purple.png	Images\빔건_purple.png
Images\beamer_yellow.png	Images\빔건_yellow.png
Images\blackout.png	Images\정전.png
Images\blaster_blue.png	Images\블래스터_blue.png
Images\blaster_green.png	Images\블래스터_green.png
Images\blaster_orange.png	Images\블래스터_orange.png
Images\blaster_purple.png	Images\블래스터_purple.png
Images\blaster_yellow.png	Images\블래스터_yellow.png
Images\escape_incognito.png	Images\탈출_incognito.png
Images\note_marker.png	Images\메모_marker.png
Images\openingstoryframes\Story_Bkg_1080.png	Images\openingstoryframes\이야기_Bkg_1080.png
Images\stabaks\Station_Bkg1.png	Images\stabaks\정거장_Bkg1.png
Images\SkillIcons\ShipSkill_AllShe'sGot_36.png	Images\SkillIcons\ShipSkill_있는힘껏_36.png
Images\SkillIcons\ShipSkill_AllShe'sGot_72.png	Images\SkillIcons\ShipSkill_있는힘껏_72.png
Images\SkillIcons\ShipSkill_AnotherVolley_36.png	Images\SkillIcons\ShipSkill_추가일제사격_36.png
Images\SkillIcons\ShipSkill_AnotherVolley_72.png	Images\SkillIcons\ShipSkill_추가일제사격_72.png
Images\SkillIcons\ShipSkill_DeepScanning_36.png	Images\SkillIcons\ShipSkill_정밀스캔_36.png
Images\SkillIcons\ShipSkill_DeepScanning_72.png	Images\SkillIcons\ShipSkill_정밀스캔_72.png
Images\SkillIcons\ShipSkill_DistressCall_36.png	Images\SkillIcons\ShipSkill_구조신호_36.png
Images\SkillIcons\ShipSkill_DistressCall_72.png	Images\SkillIcons\ShipSkill_구조신호_72.png
Images\SkillIcons\ShipSkill_EmergencyRepairs_36.png	Images\SkillIcons\ShipSkill_긴급수리_36.png
Images\SkillIcons\ShipSkill_EmergencyRepairs_72.png	Images\SkillIcons\ShipSkill_긴급수리_72.png
Images\SkillIcons\ShipSkill_EmergencyWarp_36.png	Images\SkillIcons\ShipSkill_긴급워프_36.png
Images\SkillIcons\ShipSkill_EmergencyWarp_72.png	Images\SkillIcons\ShipSkill_긴급워프_72.png
Images\SkillIcons\ShipSkill_FalseEvidence_36.png	Images\SkillIcons\ShipSkill_거짓증거_36.png
Images\SkillIcons\ShipSkill_FalseEvidence_72.png	Images\SkillIcons\ShipSkill_거짓증거_72.png
Images\SkillIcons\ShipSkill_FiringSolution_36.png	Images\SkillIcons\ShipSkill_사격제원_36.png
Images\SkillIcons\ShipSkill_FiringSolution_72.png	Images\SkillIcons\ShipSkill_사격제원_72.png
Images\SkillIcons\ShipSkill_GoDark_36.png	Images\SkillIcons\ShipSkill_잠행_36.png
Images\SkillIcons\ShipSkill_GoDark_72.png	Images\SkillIcons\ShipSkill_잠행_72.png
Images\SkillIcons\ShipSkill_InterferenceBurst_36.png	Images\SkillIcons\ShipSkill_교란폭발_36.png
Images\SkillIcons\ShipSkill_InterferenceBurst_72.png	Images\SkillIcons\ShipSkill_교란폭발_72.png
Images\SkillIcons\ShipSkill_IonTracker_36.png	Images\SkillIcons\ShipSkill_이온추적기_36.png
Images\SkillIcons\ShipSkill_IonTracker_72.png	Images\SkillIcons\ShipSkill_이온추적기_72.png
Images\SkillIcons\ShipSkill_MaximumEvasion_36.png	Images\SkillIcons\ShipSkill_최대회피_36.png
Images\SkillIcons\ShipSkill_MaximumEvasion_72.png	Images\SkillIcons\ShipSkill_최대회피_72.png
Images\SkillIcons\ShipSkill_OrbitalBombing_72.png	Images\SkillIcons\ShipSkill_궤도폭격_72.png
Images\SkillIcons\ShipSkill_PDReboot_36.png	Images\SkillIcons\ShipSkill_PD재부팅_36.png
Images\SkillIcons\ShipSkill_PDReboot_72.png	Images\SkillIcons\ShipSkill_PD재부팅_72.png
Images\SkillIcons\ShipSkill_SensorAttunement_36.png	Images\SkillIcons\ShipSkill_센서동조_36.png
Images\SkillIcons\ShipSkill_SensorAttunement_72.png	Images\SkillIcons\ShipSkill_센서동조_72.png
Images\SkillIcons\ShipSkill_SensorGhost_36.png	Images\SkillIcons\ShipSkill_센서유령_36.png
Images\SkillIcons\ShipSkill_SensorGhost_72.png	Images\SkillIcons\ShipSkill_센서유령_72.png
Images\SkillIcons\ShipSkill_ShieldsUp!_36.png	Images\SkillIcons\ShipSkill_보호막올려!_36.png
Images\SkillIcons\ShipSkill_ShieldsUp!_72.png	Images\SkillIcons\ShipSkill_보호막올려!_72.png
Images\SkillIcons\ShipSkill_TargetEngines_36.png	Images\SkillIcons\ShipSkill_엔진조준_36.png
Images\SkillIcons\ShipSkill_TargetEngines_72.png	Images\SkillIcons\ShipSkill_엔진조준_72.png
Images\SkillIcons\ShipSkill_Truce_36.png	Images\SkillIcons\ShipSkill_휴전_36.png
Images\SkillIcons\ShipSkill_Truce_72.png	Images\SkillIcons\ShipSkill_휴전_72.png
Images\SkillIcons\ShipSkill_VaporScreen_36.png	Images\SkillIcons\ShipSkill_증기차폐막_36.png
Images\SkillIcons\ShipSkill_VaporScreen_72.png	Images\SkillIcons\ShipSkill_증기차폐막_72.png
Images\SkillIcons\Skill_Cleanse_36.png	Images\SkillIcons\Skill_정화_36.png
Images\SkillIcons\Skill_Cleanse_72.png	Images\SkillIcons\Skill_정화_72.png
Images\SkillIcons\Skill_CopyGrenade_36.png	Images\SkillIcons\Skill_수류탄복제_36.png
Images\SkillIcons\Skill_CopyGrenade_72.png	Images\SkillIcons\Skill_수류탄복제_72.png
Images\SkillIcons\Skill_CryoBlast_36.png	Images\SkillIcons\Skill_냉동폭발_36.png
Images\SkillIcons\Skill_CryoBlast_72.png	Images\SkillIcons\Skill_냉동폭발_72.png
Images\SkillIcons\Skill_DeployCover_36.png	Images\SkillIcons\Skill_엄폐물설치_36.png
Images\SkillIcons\Skill_DeployCover_72.png	Images\SkillIcons\Skill_엄폐물설치_72.png
Images\SkillIcons\Skill_DetectMonsters_36.png	Images\SkillIcons\Skill_괴물탐지_36.png
Images\SkillIcons\Skill_DetectMonsters_72.png	Images\SkillIcons\Skill_괴물탐지_72.png
Images\SkillIcons\Skill_Dodge_36.png	Images\SkillIcons\Skill_회피_36.png
Images\SkillIcons\Skill_Dodge_72.png	Images\SkillIcons\Skill_회피_72.png
Images\SkillIcons\Skill_Energize_36.png	Images\SkillIcons\Skill_에너지충전_36.png
Images\SkillIcons\Skill_Energize_72.png	Images\SkillIcons\Skill_에너지충전_72.png
Images\SkillIcons\Skill_GravityPulse_36.png	Images\SkillIcons\Skill_중력파동_36.png
Images\SkillIcons\Skill_GravityPulse_72.png	Images\SkillIcons\Skill_중력파동_72.png
Images\SkillIcons\Skill_Haste_36.png	Images\SkillIcons\Skill_가속_36.png
Images\SkillIcons\Skill_Haste_72.png	Images\SkillIcons\Skill_가속_72.png
Images\SkillIcons\Skill_IgnoreResistance_36.png	Images\SkillIcons\Skill_저항무시_36.png
Images\SkillIcons\Skill_IgnoreResistance_72.png	Images\SkillIcons\Skill_저항무시_72.png
Images\SkillIcons\Skill_Intimidate_36.png	Images\SkillIcons\Skill_위협_36.png
Images\SkillIcons\Skill_Intimidate_72.png	Images\SkillIcons\Skill_위협_72.png
Images\SkillIcons\Skill_PowerStrike_36.png	Images\SkillIcons\Skill_강타_36.png
Images\SkillIcons\Skill_PowerStrike_72.png	Images\SkillIcons\Skill_강타_72.png
Images\SkillIcons\Skill_Regenerate_36.png	Images\SkillIcons\Skill_재생_36.png
Images\SkillIcons\Skill_Regenerate_72.png	Images\SkillIcons\Skill_재생_72.png
Images\SkillIcons\Skill_RunAndGun_36.png	Images\SkillIcons\Skill_런앤건_36.png
Images\SkillIcons\Skill_RunAndGun_72.png	Images\SkillIcons\Skill_런앤건_72.png
Images\SkillIcons\Skill_SmokeScreen_36.png	Images\SkillIcons\Skill_연막_36.png
Images\SkillIcons\Skill_SmokeScreen_72.png	Images\SkillIcons\Skill_연막_72.png
Images\SkillIcons\Skill_SpinAttack_36.png	Images\SkillIcons\Skill_회전공격_36.png
Images\SkillIcons\Skill_SpinAttack_72.png	Images\SkillIcons\Skill_회전공격_72.png
Images\SkillIcons\Skill_Teleport_36.png	Images\SkillIcons\Skill_순간이동_36.png
Images\SkillIcons\Skill_Teleport_72.png	Images\SkillIcons\Skill_순간이동_72.png
Images\Crystal Formation1.png	Images\수정 지대1.png
Images\Crystal Formation2.png	Images\수정 지대2.png
Images\Crystal Formation3.png	Images\수정 지대3.png
Images\Crystal Formation4.png	Images\수정 지대4.png
Images\Crystal Formation5.png	Images\수정 지대5.png
Images\Crystal Formation6.png	Images\수정 지대6.png
Images\Broken Crystals1.png	Images\깨진 수정1.png
Images\Broken Crystals2.png	Images\깨진 수정2.png
Images\Broken Crystals3.png	Images\깨진 수정3.png
Images\Broken Crystals4.png	Images\깨진 수정4.png
Images\Broken Crystals5.png	Images\깨진 수정5.png
Images\Broken Crystals6.png	Images\깨진 수정6.png
Images\Trees\Cactus1.png	Images\Trees\선인장1.png
Images\Trees\Cactus10.png	Images\Trees\선인장10.png
Images\Trees\Cactus11.png	Images\Trees\선인장11.png
Images\Trees\Cactus12.png	Images\Trees\선인장12.png
Images\Trees\Cactus13.png	Images\Trees\선인장13.png
Images\Trees\Cactus14.png	Images\Trees\선인장14.png
Images\Trees\Cactus2.png	Images\Trees\선인장2.png
Images\Trees\Cactus3.png	Images\Trees\선인장3.png
Images\Trees\Cactus4.png	Images\Trees\선인장4.png
Images\Trees\Cactus5.png	Images\Trees\선인장5.png
Images\Trees\Cactus6.png	Images\Trees\선인장6.png
Images\Trees\Cactus7.png	Images\Trees\선인장7.png
Images\Trees\Cactus8.png	Images\Trees\선인장8.png
Images\Trees\Cactus9.png	Images\Trees\선인장9.png
Images\Mountains\Mountains1.png	Images\Mountains\산1.png
Images\Mountains\Mountains10.png	Images\Mountains\산10.png
Images\Mountains\Mountains11.png	Images\Mountains\산11.png
Images\Mountains\Mountains12.png	Images\Mountains\산12.png
Images\Mountains\Mountains13.png	Images\Mountains\산13.png
Images\Mountains\Mountains14.png	Images\Mountains\산14.png
Images\Mountains\Mountains15.png	Images\Mountains\산15.png
Images\Mountains\Mountains16.png	Images\Mountains\산16.png
Images\Mountains\Mountains17.png	Images\Mountains\산17.png
Images\Mountains\Mountains18.png	Images\Mountains\산18.png
Images\Mountains\Mountains19.png	Images\Mountains\산19.png
Images\Mountains\Mountains2.png	Images\Mountains\산2.png
Images\Mountains\Mountains20.png	Images\Mountains\산20.png
Images\Mountains\Mountains21.png	Images\Mountains\산21.png
Images\Mountains\Mountains22.png	Images\Mountains\산22.png
Images\Mountains\Mountains23.png	Images\Mountains\산23.png
Images\Mountains\Mountains24.png	Images\Mountains\산24.png
Images\Mountains\Mountains25.png	Images\Mountains\산25.png
Images\Mountains\Mountains26.png	Images\Mountains\산26.png
Images\Mountains\Mountains27.png	Images\Mountains\산27.png
Images\Mountains\Mountains28.png	Images\Mountains\산28.png
Images\Mountains\Mountains29.png	Images\Mountains\산29.png
Images\Mountains\Mountains3.png	Images\Mountains\산3.png
Images\Mountains\Mountains30.png	Images\Mountains\산30.png
Images\Mountains\Mountains31.png	Images\Mountains\산31.png
Images\Mountains\Mountains32.png	Images\Mountains\산32.png
Images\Mountains\Mountains33.png	Images\Mountains\산33.png
Images\Mountains\Mountains34.png	Images\Mountains\산34.png
Images\Mountains\Mountains35.png	Images\Mountains\산35.png
Images\Mountains\Mountains36.png	Images\Mountains\산36.png
Images\Mountains\Mountains37.png	Images\Mountains\산37.png
Images\Mountains\Mountains38.png	Images\Mountains\산38.png
Images\Mountains\Mountains39.png	Images\Mountains\산39.png
Images\Mountains\Mountains4.png	Images\Mountains\산4.png
Images\Mountains\Mountains40.png	Images\Mountains\산40.png
Images\Mountains\Mountains41.png	Images\Mountains\산41.png
Images\Mountains\Mountains42.png	Images\Mountains\산42.png
Images\Mountains\Mountains43.png	Images\Mountains\산43.png
Images\Mountains\Mountains44.png	Images\Mountains\산44.png
Images\Mountains\Mountains45.png	Images\Mountains\산45.png
Images\Mountains\Mountains46.png	Images\Mountains\산46.png
Images\Mountains\Mountains47.png	Images\Mountains\산47.png
Images\Mountains\Mountains48.png	Images\Mountains\산48.png
Images\Mountains\Mountains49.png	Images\Mountains\산49.png
Images\Mountains\Mountains5.png	Images\Mountains\산5.png
Images\Mountains\Mountains50.png	Images\Mountains\산50.png
Images\Mountains\Mountains51.png	Images\Mountains\산51.png
Images\Mountains\Mountains52.png	Images\Mountains\산52.png
Images\Mountains\Mountains53.png	Images\Mountains\산53.png
Images\Mountains\Mountains54.png	Images\Mountains\산54.png
Images\Mountains\Mountains55.png	Images\Mountains\산55.png
Images\Mountains\Mountains56.png	Images\Mountains\산56.png
Images\Mountains\Mountains57.png	Images\Mountains\산57.png
Images\Mountains\Mountains58.png	Images\Mountains\산58.png
Images\Mountains\Mountains59.png	Images\Mountains\산59.png
Images\Mountains\Mountains6.png	Images\Mountains\산6.png
Images\Mountains\Mountains60.png	Images\Mountains\산60.png
Images\Mountains\Mountains61.png	Images\Mountains\산61.png
Images\Mountains\Mountains62.png	Images\Mountains\산62.png
Images\Mountains\Mountains63.png	Images\Mountains\산63.png
Images\Mountains\Mountains64.png	Images\Mountains\산64.png
Images\Mountains\Mountains65.png	Images\Mountains\산65.png
Images\Mountains\Mountains66.png	Images\Mountains\산66.png
Images\Mountains\Mountains67.png	Images\Mountains\산67.png
Images\Mountains\Mountains68.png	Images\Mountains\산68.png
Images\Mountains\Mountains69.png	Images\Mountains\산69.png
Images\Mountains\Mountains7.png	Images\Mountains\산7.png
Images\Mountains\Mountains70.png	Images\Mountains\산70.png
Images\Mountains\Mountains71.png	Images\Mountains\산71.png
Images\Mountains\Mountains72.png	Images\Mountains\산72.png
Images\Mountains\Mountains73.png	Images\Mountains\산73.png
Images\Mountains\Mountains74.png	Images\Mountains\산74.png
Images\Mountains\Mountains75.png	Images\Mountains\산75.png
Images\Mountains\Mountains76.png	Images\Mountains\산76.png
Images\Mountains\Mountains77.png	Images\Mountains\산77.png
Images\Mountains\Mountains78.png	Images\Mountains\산78.png
Images\Mountains\Mountains79.png	Images\Mountains\산79.png
Images\Mountains\Mountains8.png	Images\Mountains\산8.png
Images\Mountains\Mountains80.png	Images\Mountains\산80.png
Images\Mountains\Mountains81.png	Images\Mountains\산81.png
Images\Mountains\Mountains82.png	Images\Mountains\산82.png
Images\Mountains\Mountains83.png	Images\Mountains\산83.png
Images\Mountains\Mountains84.png	Images\Mountains\산84.png
Images\Mountains\Mountains85.png	Images\Mountains\산85.png
Images\Mountains\Mountains86.png	Images\Mountains\산86.png
Images\Mountains\Mountains87.png	Images\Mountains\산87.png
Images\Mountains\Mountains88.png	Images\Mountains\산88.png
Images\Mountains\Mountains89.png	Images\Mountains\산89.png
Images\Mountains\Mountains9.png	Images\Mountains\산9.png
Images\Mountains\Mountains90.png	Images\Mountains\산90.png
Images\Mountains\Mountains91.png	Images\Mountains\산91.png
Images\Volcano2.png	Images\화산2.png
Images\Cold Water2.png	Images\차가운 물2.png
Images\Fresh Water2.png	Images\민물2.png
Images\Salt Water2.png	Images\바닷물2.png
Images\Hydrocarbon Sludge2.png	Images\탄화수소 슬러지2.png
Images\Liquid Metal2.png	Images\액체 금속2.png
Images\Lava2.png	Images\용암2.png
Images\Acid2.png	Images\산2.png
Images\Absolutely Nothing.png	Images\완전히 아무것도 없음.png
Images\Star08.png	Images\항성08.png
Images\Star1.png	Images\항성1.png
Images\Star2.png	Images\항성2.png
Images\Star3.png	Images\항성3.png
Images\Star4.png	Images\항성4.png
Images\Star9.png	Images\항성9.png
Images\Giant Star1.png	Images\거성1.png
Images\Giant Star2.png	Images\거성2.png
Images\Giant Star3.png	Images\거성3.png
Images\Nebula Set1 Across.png	Images\성운 Set1 Across.png
Images\Nebula Set1 Bottom.png	Images\성운 Set1 Bottom.png
Images\Nebula Set1 Down.png	Images\성운 Set1 Down.png
Images\Nebula Set1 Junction LRD.png	Images\성운 Set1 Junction LRD.png
Images\Nebula Set1 Junction LRU.png	Images\성운 Set1 Junction LRU.png
Images\Nebula Set1 Junction UDL.png	Images\성운 Set1 Junction UDL.png
Images\Nebula Set1 Junction UDR.png	Images\성운 Set1 Junction UDR.png
Images\Nebula Set1 Junction.png	Images\성운 Set1 Junction.png
Images\Nebula Set1 Left.png	Images\성운 Set1 Left.png
Images\Nebula Set1 LL.png	Images\성운 Set1 LL.png
Images\Nebula Set1 LR.png	Images\성운 Set1 LR.png
Images\Nebula Set1 Right.png	Images\성운 Set1 Right.png
Images\Nebula Set1 Top.png	Images\성운 Set1 Top.png
Images\Nebula Set1 UL.png	Images\성운 Set1 UL.png
Images\Nebula Set1 UR.png	Images\성운 Set1 UR.png
Images\Nebula Set1 Wall.png	Images\성운 Set1 Wall.png
Images\CanyonsCavesCliffs\Nebula Set1 Across.png	Images\CanyonsCavesCliffs\성운 Set1 Across.png
Images\CanyonsCavesCliffs\Nebula Set1 Bottom.png	Images\CanyonsCavesCliffs\성운 Set1 Bottom.png
Images\CanyonsCavesCliffs\Nebula Set1 Down.png	Images\CanyonsCavesCliffs\성운 Set1 Down.png
Images\CanyonsCavesCliffs\Nebula Set1 Junction LRD.png	Images\CanyonsCavesCliffs\성운 Set1 Junction LRD.png
Images\CanyonsCavesCliffs\Nebula Set1 Junction LRU.png	Images\CanyonsCavesCliffs\성운 Set1 Junction LRU.png
Images\CanyonsCavesCliffs\Nebula Set1 Junction UDL.png	Images\CanyonsCavesCliffs\성운 Set1 Junction UDL.png
Images\CanyonsCavesCliffs\Nebula Set1 Junction UDR.png	Images\CanyonsCavesCliffs\성운 Set1 Junction UDR.png
Images\CanyonsCavesCliffs\Nebula Set1 Junction.png	Images\CanyonsCavesCliffs\성운 Set1 Junction.png
Images\CanyonsCavesCliffs\Nebula Set1 Left.png	Images\CanyonsCavesCliffs\성운 Set1 Left.png
Images\CanyonsCavesCliffs\Nebula Set1 LL.png	Images\CanyonsCavesCliffs\성운 Set1 LL.png
Images\CanyonsCavesCliffs\Nebula Set1 LR.png	Images\CanyonsCavesCliffs\성운 Set1 LR.png
Images\CanyonsCavesCliffs\Nebula Set1 Right.png	Images\CanyonsCavesCliffs\성운 Set1 Right.png
Images\CanyonsCavesCliffs\Nebula Set1 Top.png	Images\CanyonsCavesCliffs\성운 Set1 Top.png
Images\CanyonsCavesCliffs\Nebula Set1 UL.png	Images\CanyonsCavesCliffs\성운 Set1 UL.png
Images\CanyonsCavesCliffs\Nebula Set1 UR.png	Images\CanyonsCavesCliffs\성운 Set1 UR.png
Images\CanyonsCavesCliffs\Nebula Set1 Wall.png	Images\CanyonsCavesCliffs\성운 Set1 Wall.png
Images\Radiation Belt2.png	Images\방사선대2.png
Images\Radiation Belt2B.png	Images\방사선대2B.png
Images\Ion Storm2.png	Images\이온 폭풍2.png
Images\Mine Field2.png	Images\기뢰 지대2.png
Images\Dark Nebula2.png	Images\암흑 성운2.png
Images\SOS Beacon2.png	Images\SOS 비콘2.png
Images\Airlock2.png	Images\에어록2.png
Images\Shuttle2.png	Images\셔틀2.png
Images\Terran Planet 2.png	Images\지구형 행성 2.png
Images\Wormhole2.png	Images\웜홀2.png
Images\Star Temple2.png	Images\별 사원2.png
Images\Short Circuit2.png	Images\합선2.png
Images\White Hole2.png	Images\화이트홀2.png
Images\White Hole32.png	Images\화이트홀32.png
Images\Ship Wall Across.png	Images\함선 벽 Across.png
Images\Ship Wall Damaged.png	Images\함선 벽 Damaged.png
Images\Ship Wall Down.png	Images\함선 벽 Down.png
Images\Ship Wall Junction LRD.png	Images\함선 벽 Junction LRD.png
Images\Ship Wall Junction LRU.png	Images\함선 벽 Junction LRU.png
Images\Ship Wall Junction UDL.png	Images\함선 벽 Junction UDL.png
Images\Ship Wall Junction UDR.png	Images\함선 벽 Junction UDR.png
Images\Ship Wall Junction.png	Images\함선 벽 Junction.png
Images\Ship Wall Across.png	Images\함선 벽 LR Across.png
Images\Ship Wall Damaged.png	Images\함선 벽 LR Damaged.png
Images\Ship Wall Down.png	Images\함선 벽 LR Down.png
Images\Ship Wall Junction LRD.png	Images\함선 벽 LR Junction LRD.png
Images\Ship Wall Junction LRU.png	Images\함선 벽 LR Junction LRU.png
Images\Ship Wall Junction UDL.png	Images\함선 벽 LR Junction UDL.png
Images\Ship Wall Junction UDR.png	Images\함선 벽 LR Junction UDR.png
Images\Ship Wall Junction.png	Images\함선 벽 LR Junction.png
Images\Ship Wall LL.png	Images\함선 벽 LR LL.png
Images\Ship Wall LR.png	Images\함선 벽 LR LR.png
Images\Ship Wall UL.png	Images\함선 벽 LR UL.png
Images\Ship Wall UR.png	Images\함선 벽 LR UR.png
Images\Ship Wall Across.png	Images\함선 벽 LL Across.png
Images\Ship Wall Damaged.png	Images\함선 벽 LL Damaged.png
Images\Ship Wall Down.png	Images\함선 벽 LL Down.png
Images\Ship Wall Junction LRD.png	Images\함선 벽 LL Junction LRD.png
Images\Ship Wall Junction LRU.png	Images\함선 벽 LL Junction LRU.png
Images\Ship Wall Junction UDL.png	Images\함선 벽 LL Junction UDL.png
Images\Ship Wall Junction UDR.png	Images\함선 벽 LL Junction UDR.png
Images\Ship Wall Junction.png	Images\함선 벽 LL Junction.png
Images\Ship Wall LL.png	Images\함선 벽 LL LL.png
Images\Ship Wall LR.png	Images\함선 벽 LL LR.png
Images\Ship Wall UL.png	Images\함선 벽 LL UL.png
Images\Ship Wall UR.png	Images\함선 벽 LL UR.png
Images\Ship Wall Across.png	Images\함선 벽 가로 Across.png
Images\Ship Wall Damaged.png	Images\함선 벽 가로 Damaged.png
Images\Ship Wall Down.png	Images\함선 벽 가로 Down.png
Images\Ship Wall Junction LRD.png	Images\함선 벽 가로 Junction LRD.png
Images\Ship Wall Junction LRU.png	Images\함선 벽 가로 Junction LRU.png
Images\Ship Wall Junction UDL.png	Images\함선 벽 가로 Junction UDL.png
Images\Ship Wall Junction UDR.png	Images\함선 벽 가로 Junction UDR.png
Images\Ship Wall Junction.png	Images\함선 벽 가로 Junction.png
Images\Ship Wall LL.png	Images\함선 벽 가로 LL.png
Images\Ship Wall LR.png	Images\함선 벽 가로 LR.png
Images\Ship Wall UL.png	Images\함선 벽 가로 UL.png
Images\Ship Wall UR.png	Images\함선 벽 가로 UR.png
Images\Ship Wall Across.png	Images\함선 벽 교차 LRU Across.png
Images\Ship Wall Damaged.png	Images\함선 벽 교차 LRU Damaged.png
Images\Ship Wall Down.png	Images\함선 벽 교차 LRU Down.png
Images\Ship Wall Junction LRD.png	Images\함선 벽 교차 LRU Junction LRD.png
Images\Ship Wall Junction LRU.png	Images\함선 벽 교차 LRU Junction LRU.png
Images\Ship Wall Junction UDL.png	Images\함선 벽 교차 LRU Junction UDL.png
Images\Ship Wall Junction UDR.png	Images\함선 벽 교차 LRU Junction UDR.png
Images\Ship Wall Junction.png	Images\함선 벽 교차 LRU Junction.png
Images\Ship Wall LL.png	Images\함선 벽 교차 LRU LL.png
Images\Ship Wall LR.png	Images\함선 벽 교차 LRU LR.png
Images\Ship Wall UL.png	Images\함선 벽 교차 LRU UL.png
Images\Ship Wall UR.png	Images\함선 벽 교차 LRU UR.png
Images\Ship Wall Across.png	Images\함선 벽 아래 Across.png
Images\Ship Wall Damaged.png	Images\함선 벽 아래 Damaged.png
Images\Ship Wall Down.png	Images\함선 벽 아래 Down.png
Images\Ship Wall Junction LRD.png	Images\함선 벽 아래 Junction LRD.png
Images\Ship Wall Junction LRU.png	Images\함선 벽 아래 Junction LRU.png
Images\Ship Wall Junction UDL.png	Images\함선 벽 아래 Junction UDL.png
Images\Ship Wall Junction UDR.png	Images\함선 벽 아래 Junction UDR.png
Images\Ship Wall Junction.png	Images\함선 벽 아래 Junction.png
Images\Ship Wall LL.png	Images\함선 벽 아래 LL.png
Images\Ship Wall LR.png	Images\함선 벽 아래 LR.png
Images\Ship Wall UL.png	Images\함선 벽 아래 UL.png
Images\Ship Wall UR.png	Images\함선 벽 아래 UR.png
Images\Ship Wall Across.png	Images\함선 벽 UR Across.png
Images\Ship Wall Damaged.png	Images\함선 벽 UR Damaged.png
Images\Ship Wall Down.png	Images\함선 벽 UR Down.png
Images\Ship Wall Junction LRD.png	Images\함선 벽 UR Junction LRD.png
Images\Ship Wall Junction LRU.png	Images\함선 벽 UR Junction LRU.png
Images\Ship Wall Junction UDL.png	Images\함선 벽 UR Junction UDL.png
Images\Ship Wall Junction UDR.png	Images\함선 벽 UR Junction UDR.png
Images\Ship Wall Junction.png	Images\함선 벽 UR Junction.png
Images\Ship Wall LL.png	Images\함선 벽 UR LL.png
Images\Ship Wall LR.png	Images\함선 벽 UR LR.png
Images\Ship Wall UL.png	Images\함선 벽 UR UL.png
Images\Ship Wall UR.png	Images\함선 벽 UR UR.png
Images\Ship Wall Across.png	Images\함선 벽 교차 UDL Across.png
Images\Ship Wall Damaged.png	Images\함선 벽 교차 UDL Damaged.png
Images\Ship Wall Down.png	Images\함선 벽 교차 UDL Down.png
Images\Ship Wall Junction LRD.png	Images\함선 벽 교차 UDL Junction LRD.png
Images\Ship Wall Junction LRU.png	Images\함선 벽 교차 UDL Junction LRU.png
Images\Ship Wall Junction UDL.png	Images\함선 벽 교차 UDL Junction UDL.png
Images\Ship Wall Junction UDR.png	Images\함선 벽 교차 UDL Junction UDR.png
Images\Ship Wall Junction.png	Images\함선 벽 교차 UDL Junction.png
Images\Ship Wall LL.png	Images\함선 벽 교차 UDL LL.png
Images\Ship Wall LR.png	Images\함선 벽 교차 UDL LR.png
Images\Ship Wall UL.png	Images\함선 벽 교차 UDL UL.png
Images\Ship Wall UR.png	Images\함선 벽 교차 UDL UR.png
Images\Ship Wall Across.png	Images\함선 벽 UL Across.png
Images\Ship Wall Damaged.png	Images\함선 벽 UL Damaged.png
Images\Ship Wall Down.png	Images\함선 벽 UL Down.png
Images\Ship Wall Junction LRD.png	Images\함선 벽 UL Junction LRD.png
Images\Ship Wall Junction LRU.png	Images\함선 벽 UL Junction LRU.png
Images\Ship Wall Junction UDL.png	Images\함선 벽 UL Junction UDL.png
Images\Ship Wall Junction UDR.png	Images\함선 벽 UL Junction UDR.png
Images\Ship Wall Junction.png	Images\함선 벽 UL Junction.png
Images\Ship Wall LL.png	Images\함선 벽 UL LL.png
Images\Ship Wall LR.png	Images\함선 벽 UL LR.png
Images\Ship Wall UL.png	Images\함선 벽 UL UL.png
Images\Ship Wall UR.png	Images\함선 벽 UL UR.png
Images\Ship Wall Across.png	Images\함선 벽 교차 UDR Across.png
Images\Ship Wall Damaged.png	Images\함선 벽 교차 UDR Damaged.png
Images\Ship Wall Down.png	Images\함선 벽 교차 UDR Down.png
Images\Ship Wall Junction LRD.png	Images\함선 벽 교차 UDR Junction LRD.png
Images\Ship Wall Junction LRU.png	Images\함선 벽 교차 UDR Junction LRU.png
Images\Ship Wall Junction UDL.png	Images\함선 벽 교차 UDR Junction UDL.png
Images\Ship Wall Junction UDR.png	Images\함선 벽 교차 UDR Junction UDR.png
Images\Ship Wall Junction.png	Images\함선 벽 교차 UDR Junction.png
Images\Ship Wall LL.png	Images\함선 벽 교차 UDR LL.png
Images\Ship Wall LR.png	Images\함선 벽 교차 UDR LR.png
Images\Ship Wall UL.png	Images\함선 벽 교차 UDR UL.png
Images\Ship Wall UR.png	Images\함선 벽 교차 UDR UR.png
Images\Ship Wall Across.png	Images\함선 벽 교차 LRD Across.png
Images\Ship Wall Damaged.png	Images\함선 벽 교차 LRD Damaged.png
Images\Ship Wall Down.png	Images\함선 벽 교차 LRD Down.png
Images\Ship Wall Junction LRD.png	Images\함선 벽 교차 LRD Junction LRD.png
Images\Ship Wall Junction LRU.png	Images\함선 벽 교차 LRD Junction LRU.png
Images\Ship Wall Junction UDL.png	Images\함선 벽 교차 LRD Junction UDL.png
Images\Ship Wall Junction UDR.png	Images\함선 벽 교차 LRD Junction UDR.png
Images\Ship Wall Junction.png	Images\함선 벽 교차 LRD Junction.png
Images\Ship Wall LL.png	Images\함선 벽 교차 LRD LL.png
Images\Ship Wall LR.png	Images\함선 벽 교차 LRD LR.png
Images\Ship Wall UL.png	Images\함선 벽 교차 LRD UL.png
Images\Ship Wall UR.png	Images\함선 벽 교차 LRD UR.png
Images\Ship Wall Across.png	Images\함선 벽 교차 Across.png
Images\Ship Wall Damaged.png	Images\함선 벽 교차 Damaged.png
Images\Ship Wall Down.png	Images\함선 벽 교차 Down.png
Images\Ship Wall Junction LRD.png	Images\함선 벽 교차 Junction LRD.png
Images\Ship Wall Junction LRU.png	Images\함선 벽 교차 Junction LRU.png
Images\Ship Wall Junction UDL.png	Images\함선 벽 교차 Junction UDL.png
Images\Ship Wall Junction UDR.png	Images\함선 벽 교차 Junction UDR.png
Images\Ship Wall Junction.png	Images\함선 벽 교차 Junction.png
Images\Ship Wall LL.png	Images\함선 벽 교차 LL.png
Images\Ship Wall LR.png	Images\함선 벽 교차 LR.png
Images\Ship Wall UL.png	Images\함선 벽 교차 UL.png
Images\Ship Wall UR.png	Images\함선 벽 교차 UR.png
Images\Horizontal Auto Door 2.png	Images\수평 자동문 2.png
Images\Security Field2.png	Images\보안 역장2.png
Images\Blue Security Field2.png	Images\파란 보안 역장2.png
Images\City Wall 2.png	Images\도시 성벽 2.png
Images\Vordalene Habitat Q.png	Images\보르달린 거주 시설 Q.png
Images\Asteroid Wall Across.png	Images\소행성 벽 Across.png
Images\Asteroid Wall Damaged.png	Images\소행성 벽 Damaged.png
Images\Asteroid Wall Down.png	Images\소행성 벽 Down.png
Images\Asteroid Wall Junction LRD.png	Images\소행성 벽 Junction LRD.png
Images\Asteroid Wall Junction LRU.png	Images\소행성 벽 Junction LRU.png
Images\Asteroid Wall Junction UDL.png	Images\소행성 벽 Junction UDL.png
Images\Asteroid Wall Junction UDR.png	Images\소행성 벽 Junction UDR.png
Images\Asteroid Wall Junction.png	Images\소행성 벽 Junction.png
Images\Asteroid Wall LL.png	Images\소행성 벽 LL.png
Images\Asteroid Wall LR.png	Images\소행성 벽 LR.png
Images\Asteroid Wall UL.png	Images\소행성 벽 UL.png
Images\Asteroid Wall UR.png	Images\소행성 벽 UR.png
Images\Cave Entrance x.png	Images\동굴 입구 x.png
Images\Cave Entrance2.png	Images\동굴 입구2.png
Images\Cave Exit Q.png	Images\동굴 출구 Q.png
Images\Cave Exit2.png	Images\동굴 출구2.png
Images\More Caves2.png	Images\더 많은 동굴2.png
Images\SandStone Cave x.png	Images\사암 동굴 x.png
Images\Cave Wall Across.png	Images\동굴 벽 Across.png
Images\Cave Wall Down.png	Images\동굴 벽 Down.png
Images\Cave Wall Junction LRD.png	Images\동굴 벽 Junction LRD.png
Images\Cave Wall Junction LRU.png	Images\동굴 벽 Junction LRU.png
Images\Cave Wall Junction UDL.png	Images\동굴 벽 Junction UDL.png
Images\Cave Wall Junction UDR.png	Images\동굴 벽 Junction UDR.png
Images\Cave Wall Junction.png	Images\동굴 벽 Junction.png
Images\Cave Wall LL.png	Images\동굴 벽 LL.png
Images\Cave Wall LR.png	Images\동굴 벽 LR.png
Images\Cave Wall UL.png	Images\동굴 벽 UL.png
Images\Cave Wall UR.png	Images\동굴 벽 UR.png
Images\Uplift Gate 144.png	Images\승강 게이트 144.png
Images\Uplift Gate B.png	Images\승강 게이트 B.png
Images\Dreaming Nano-Planet2.png	Images\꿈꾸는 나노 행성2.png
Images\Rich Wall B.png	Images\풍부한 벽 B.png
Images\CanyonsCavesCliffs\Dirt Wall B.png	Images\CanyonsCavesCliffs\흙벽 B.png
Images\Subspace Wave2.png	Images\아공간 파동2.png
Images\Pricklers2.png	Images\가시덩굴2.png
Images\Yellow Force Field2.png	Images\노란 역장2.png
Images\Purple Force Field2.png	Images\보라 역장2.png
Images\Black Star1.png	Images\검은 별1.png
Images\Black Star2.png	Images\검은 별2.png
Images\Black Star3.png	Images\검은 별3.png
Images\Black Star4.png	Images\검은 별4.png
Images\Black Star5.png	Images\검은 별5.png
Images\Black Star6.png	Images\검은 별6.png
Images\Black Star7.png	Images\검은 별7.png
Images\Black Star8.png	Images\검은 별8.png
Images\Black Star9.png	Images\검은 별9.png
Images\Ach_Back2.png	Images\Ach_뒤로2.png
Images\Acid.png	Images\산성.png
Images\Acid2.png	Images\산성2.png
Images\Agnostic Wall 1.png	Images\불가지 벽 1.png
Images\Agnostic Wall 2.png	Images\불가지 벽 2.png
Images\Agnostic Wall 3.png	Images\불가지 벽 3.png
Images\Agnostic Wall 4.png	Images\불가지 벽 4.png
Images\Agnostic Wall 5.png	Images\불가지 벽 5.png
Images\Agnostic Wall 6.png	Images\불가지 벽 6.png
Images\Agnostic Wall Damaged.png	Images\불가지 벽 Damaged.png
Images\Alien Pylon.png	Images\외계 파일런.png
Images\Alien Pylon2.png	Images\외계 파일런2.png
Images\Arrow Down.png	Images\애로 Down.png
Images\Art.png	Images\아트.png
Images\Art\Art_1.png	Images\Art\아트_1.png
Images\Art\Art_10.png	Images\Art\아트_10.png
Images\Art\Art_11.png	Images\Art\아트_11.png
Images\Art\Art_12.png	Images\Art\아트_12.png
Images\Art\Art_13.png	Images\Art\아트_13.png
Images\Art\Art_14.png	Images\Art\아트_14.png
Images\Art\Art_15.png	Images\Art\아트_15.png
Images\Art\Art_16.png	Images\Art\아트_16.png
Images\Art\Art_17.png	Images\Art\아트_17.png
Images\Art\Art_18.png	Images\Art\아트_18.png
Images\Art\Art_19.png	Images\Art\아트_19.png
Images\Art\Art_2.png	Images\Art\아트_2.png
Images\Art\Art_20.png	Images\Art\아트_20.png
Images\Art\Art_21.png	Images\Art\아트_21.png
Images\Art\Art_22.png	Images\Art\아트_22.png
Images\Art\Art_23.png	Images\Art\아트_23.png
Images\Art\Art_24.png	Images\Art\아트_24.png
Images\Art\Art_25.png	Images\Art\아트_25.png
Images\Art\Art_26.png	Images\Art\아트_26.png
Images\Art\Art_27.png	Images\Art\아트_27.png
Images\Art\Art_28.png	Images\Art\아트_28.png
Images\Art\Art_29.png	Images\Art\아트_29.png
Images\Art\Art_3.png	Images\Art\아트_3.png
Images\Art\Art_30.png	Images\Art\아트_30.png
Images\Art\Art_31.png	Images\Art\아트_31.png
Images\Art\Art_32.png	Images\Art\아트_32.png
Images\Art\Art_33.png	Images\Art\아트_33.png
Images\Art\Art_34.png	Images\Art\아트_34.png
Images\Art\Art_35.png	Images\Art\아트_35.png
Images\Art\Art_36.png	Images\Art\아트_36.png
Images\Art\Art_37.png	Images\Art\아트_37.png
Images\Art\Art_38.png	Images\Art\아트_38.png
Images\Art\Art_39.png	Images\Art\아트_39.png
Images\Art\Art_4.png	Images\Art\아트_4.png
Images\Art\Art_40.png	Images\Art\아트_40.png
Images\Art\Art_41.png	Images\Art\아트_41.png
Images\Art\Art_42.png	Images\Art\아트_42.png
Images\Art\Art_43.png	Images\Art\아트_43.png
Images\Art\Art_44.png	Images\Art\아트_44.png
Images\Art\Art_45.png	Images\Art\아트_45.png
Images\Art\Art_46.png	Images\Art\아트_46.png
Images\Art\Art_47.png	Images\Art\아트_47.png
Images\Art\Art_48.png	Images\Art\아트_48.png
Images\Art\Art_49.png	Images\Art\아트_49.png
Images\Art\Art_5.png	Images\Art\아트_5.png
Images\Art\Art_50.png	Images\Art\아트_50.png
Images\Art\Art_51.png	Images\Art\아트_51.png
Images\Art\Art_52.png	Images\Art\아트_52.png
Images\Art\Art_53.png	Images\Art\아트_53.png
Images\Art\Art_54.png	Images\Art\아트_54.png
Images\Art\Art_55.png	Images\Art\아트_55.png
Images\Art\Art_56.png	Images\Art\아트_56.png
Images\Art\Art_57.png	Images\Art\아트_57.png
Images\Art\Art_58.png	Images\Art\아트_58.png
Images\Art\Art_59.png	Images\Art\아트_59.png
Images\Art\Art_6.png	Images\Art\아트_6.png
Images\Art\Art_60.png	Images\Art\아트_60.png
Images\Art\Art_61.png	Images\Art\아트_61.png
Images\Art\Art_62.png	Images\Art\아트_62.png
Images\Art\Art_63.png	Images\Art\아트_63.png
Images\Art\Art_64.png	Images\Art\아트_64.png
Images\Art\Art_65.png	Images\Art\아트_65.png
Images\Art\Art_66.png	Images\Art\아트_66.png
Images\Art\Art_67.png	Images\Art\아트_67.png
Images\Art\Art_68.png	Images\Art\아트_68.png
Images\Art\Art_69.png	Images\Art\아트_69.png
Images\Art\Art_7.png	Images\Art\아트_7.png
Images\Art\Art_70.png	Images\Art\아트_70.png
Images\Art\Art_71.png	Images\Art\아트_71.png
Images\Art\Art_72.png	Images\Art\아트_72.png
Images\Art\Art_73.png	Images\Art\아트_73.png
Images\Art\Art_74.png	Images\Art\아트_74.png
Images\Art\Art_75.png	Images\Art\아트_75.png
Images\Art\Art_76.png	Images\Art\아트_76.png
Images\Art\Art_77.png	Images\Art\아트_77.png
Images\Art\Art_78.png	Images\Art\아트_78.png
Images\Art\Art_79.png	Images\Art\아트_79.png
Images\Art\Art_8.png	Images\Art\아트_8.png
Images\Art\Art_80.png	Images\Art\아트_80.png
Images\Art\Art_81.png	Images\Art\아트_81.png
Images\Art\Art_82.png	Images\Art\아트_82.png
Images\Art\Art_83.png	Images\Art\아트_83.png
Images\Art\Art_84.png	Images\Art\아트_84.png
Images\Art\Art_85.png	Images\Art\아트_85.png
Images\Art\Art_86.png	Images\Art\아트_86.png
Images\Art\Art_87.png	Images\Art\아트_87.png
Images\Art\art_9.png	Images\Art\아트_9.png
Images\Asteroid Mineral.png	Images\소행성 광물.png
Images\Asteroid Mineral2.png	Images\소행성 광물2.png
Images\AvatarSprites\Eyes\Eyes_01_01.png	Images\AvatarSprites\Eyes\아이즈_01_01.png
Images\AvatarSprites\Eyes\Eyes_01_02.png	Images\AvatarSprites\Eyes\아이즈_01_02.png
Images\AvatarSprites\Eyes\Eyes_01_03.png	Images\AvatarSprites\Eyes\아이즈_01_03.png
Images\AvatarSprites\Eyes\Eyes_01_04.png	Images\AvatarSprites\Eyes\아이즈_01_04.png
Images\AvatarSprites\Eyes\Eyes_01_05.png	Images\AvatarSprites\Eyes\아이즈_01_05.png
Images\AvatarSprites\Eyes\Eyes_01_06.png	Images\AvatarSprites\Eyes\아이즈_01_06.png
Images\AvatarSprites\Eyes\Eyes_02_01.png	Images\AvatarSprites\Eyes\아이즈_02_01.png
Images\AvatarSprites\Eyes\Eyes_02_02.png	Images\AvatarSprites\Eyes\아이즈_02_02.png
Images\AvatarSprites\Eyes\Eyes_02_03.png	Images\AvatarSprites\Eyes\아이즈_02_03.png
Images\AvatarSprites\Eyes\Eyes_02_04.png	Images\AvatarSprites\Eyes\아이즈_02_04.png
Images\AvatarSprites\Eyes\Eyes_02_05.png	Images\AvatarSprites\Eyes\아이즈_02_05.png
Images\AvatarSprites\Eyes\Eyes_02_06.png	Images\AvatarSprites\Eyes\아이즈_02_06.png
Images\AvatarSprites\Eyes\Eyes_03_01.png	Images\AvatarSprites\Eyes\아이즈_03_01.png
Images\AvatarSprites\Eyes\Eyes_03_02.png	Images\AvatarSprites\Eyes\아이즈_03_02.png
Images\AvatarSprites\Eyes\Eyes_03_03.png	Images\AvatarSprites\Eyes\아이즈_03_03.png
Images\AvatarSprites\Eyes\Eyes_03_04.png	Images\AvatarSprites\Eyes\아이즈_03_04.png
Images\AvatarSprites\Eyes\Eyes_03_05.png	Images\AvatarSprites\Eyes\아이즈_03_05.png
Images\AvatarSprites\Eyes\Eyes_03_06.png	Images\AvatarSprites\Eyes\아이즈_03_06.png
Images\AvatarSprites\Eyes\Eyes_04_01.png	Images\AvatarSprites\Eyes\아이즈_04_01.png
Images\AvatarSprites\Eyes\Eyes_04_02.png	Images\AvatarSprites\Eyes\아이즈_04_02.png
Images\AvatarSprites\Eyes\Eyes_04_03.png	Images\AvatarSprites\Eyes\아이즈_04_03.png
Images\AvatarSprites\Eyes\Eyes_04_04.png	Images\AvatarSprites\Eyes\아이즈_04_04.png
Images\AvatarSprites\Eyes\Eyes_04_05.png	Images\AvatarSprites\Eyes\아이즈_04_05.png
Images\AvatarSprites\Eyes\Eyes_04_06.png	Images\AvatarSprites\Eyes\아이즈_04_06.png
Images\AvatarSprites\Eyes\Eyes_05_01.png	Images\AvatarSprites\Eyes\아이즈_05_01.png
Images\AvatarSprites\Eyes\Eyes_05_02.png	Images\AvatarSprites\Eyes\아이즈_05_02.png
Images\AvatarSprites\Eyes\Eyes_05_03.png	Images\AvatarSprites\Eyes\아이즈_05_03.png
Images\AvatarSprites\Eyes\Eyes_05_04.png	Images\AvatarSprites\Eyes\아이즈_05_04.png
Images\AvatarSprites\Eyes\Eyes_05_05.png	Images\AvatarSprites\Eyes\아이즈_05_05.png
Images\AvatarSprites\Eyes\Eyes_05_06.png	Images\AvatarSprites\Eyes\아이즈_05_06.png
Images\AvatarSprites\Eyes\Eyes_06_01.png	Images\AvatarSprites\Eyes\아이즈_06_01.png
Images\AvatarSprites\Eyes\Eyes_06_02.png	Images\AvatarSprites\Eyes\아이즈_06_02.png
Images\AvatarSprites\Eyes\Eyes_06_03.png	Images\AvatarSprites\Eyes\아이즈_06_03.png
Images\AvatarSprites\Eyes\Eyes_06_04.png	Images\AvatarSprites\Eyes\아이즈_06_04.png
Images\AvatarSprites\Eyes\Eyes_06_05.png	Images\AvatarSprites\Eyes\아이즈_06_05.png
Images\AvatarSprites\Eyes\Eyes_06_06.png	Images\AvatarSprites\Eyes\아이즈_06_06.png
Images\AvatarSprites\Eyes\Eyes_07_01.png	Images\AvatarSprites\Eyes\아이즈_07_01.png
Images\AvatarSprites\Eyes\Eyes_07_02.png	Images\AvatarSprites\Eyes\아이즈_07_02.png
Images\AvatarSprites\Eyes\Eyes_07_03.png	Images\AvatarSprites\Eyes\아이즈_07_03.png
Images\AvatarSprites\Eyes\Eyes_07_04.png	Images\AvatarSprites\Eyes\아이즈_07_04.png
Images\AvatarSprites\Eyes\Eyes_07_05.png	Images\AvatarSprites\Eyes\아이즈_07_05.png
Images\AvatarSprites\Eyes\Eyes_07_06.png	Images\AvatarSprites\Eyes\아이즈_07_06.png
Images\AvatarSprites\Eyes\Eyes_08_01.png	Images\AvatarSprites\Eyes\아이즈_08_01.png
Images\AvatarSprites\Eyes\Eyes_08_02.png	Images\AvatarSprites\Eyes\아이즈_08_02.png
Images\AvatarSprites\Eyes\Eyes_08_03.png	Images\AvatarSprites\Eyes\아이즈_08_03.png
Images\AvatarSprites\Eyes\Eyes_08_04.png	Images\AvatarSprites\Eyes\아이즈_08_04.png
Images\AvatarSprites\Eyes\Eyes_08_05.png	Images\AvatarSprites\Eyes\아이즈_08_05.png
Images\AvatarSprites\Eyes\Eyes_08_06.png	Images\AvatarSprites\Eyes\아이즈_08_06.png
Images\AvatarSprites\Eyes\Eyes_09_01.png	Images\AvatarSprites\Eyes\아이즈_09_01.png
Images\AvatarSprites\Eyes\Eyes_09_02.png	Images\AvatarSprites\Eyes\아이즈_09_02.png
Images\AvatarSprites\Eyes\Eyes_09_03.png	Images\AvatarSprites\Eyes\아이즈_09_03.png
Images\AvatarSprites\Eyes\Eyes_09_04.png	Images\AvatarSprites\Eyes\아이즈_09_04.png
Images\AvatarSprites\Eyes\Eyes_09_05.png	Images\AvatarSprites\Eyes\아이즈_09_05.png
Images\AvatarSprites\Eyes\Eyes_09_06.png	Images\AvatarSprites\Eyes\아이즈_09_06.png
Images\Black Hole OLD.png	Images\블랙홀 OLD.png
Images\Bones_1.png	Images\뼈_1.png
Images\Bones_2.png	Images\뼈_2.png
Images\Bones_3.png	Images\뼈_3.png
Images\Bones_4.png	Images\뼈_4.png
Images\Bones_5.png	Images\뼈_5.png
Images\Bones_6.png	Images\뼈_6.png
Images\Bones_7.png	Images\뼈_7.png
Images\Canyon Wall Across.png	Images\협곡 벽 Across.png
Images\Canyon Wall Down.png	Images\협곡 벽 Down.png
Images\Canyon Wall Junction LRD.png	Images\협곡 벽 Junction LRD.png
Images\Canyon Wall Junction LRU.png	Images\협곡 벽 Junction LRU.png
Images\Canyon Wall Junction UDL.png	Images\협곡 벽 Junction UDL.png
Images\Canyon Wall Junction UDR.png	Images\협곡 벽 Junction UDR.png
Images\Canyon Wall Junction.png	Images\협곡 벽 Junction.png
Images\Canyon Wall LL.png	Images\협곡 벽 LL.png
Images\Canyon Wall LR.png	Images\협곡 벽 LR.png
Images\Canyon Wall UL.png	Images\협곡 벽 UL.png
Images\Canyon Wall UR.png	Images\협곡 벽 UR.png
Images\Canyon Wall.png	Images\협곡 벽.png
Images\Casino2.png	Images\카지노2.png
Images\Cerebrosphere2.png	Images\세레브로스피어2.png
Images\Chest1.png	Images\궤짝1.png
Images\Chest2.png	Images\궤짝2.png
Images\Chest3.png	Images\궤짝3.png
Images\Contraband B.png	Images\밀수품 B.png
Images\Crapar\Flux Genes.png	Images\Crapar\플럭스 유전자.png
Images\Credits1.png	Images\크레딧1.png
Images\Credits2.png	Images\크레딧2.png
Images\Credits3.png	Images\크레딧3.png
Images\Dead_1.png	Images\사망_1.png
Images\Dead_10.png	Images\사망_10.png
Images\Dead_11.png	Images\사망_11.png
Images\Dead_12.png	Images\사망_12.png
Images\Dead_13.png	Images\사망_13.png
Images\Dead_14.png	Images\사망_14.png
Images\Dead_15.png	Images\사망_15.png
Images\Dead_18.png	Images\사망_18.png
Images\Dead_19.png	Images\사망_19.png
Images\Dead_2.png	Images\사망_2.png
Images\Dead_3.png	Images\사망_3.png
Images\Dead_4.png	Images\사망_4.png
Images\Dead_5.png	Images\사망_5.png
Images\Dead_6.png	Images\사망_6.png
Images\Dead_7.png	Images\사망_7.png
Images\Dead_8.png	Images\사망_8.png
Images\Dead_9.png	Images\사망_9.png
Images\Defenses.png	Images\방어.png
Images\Dirt Wall C.png	Images\흙벽 C.png
Images\Disruption B.png	Images\교란 B.png
Images\Disruption2.png	Images\교란2.png
Images\Entrance03.png	Images\입구03.png
Images\Firax Empowerer.png	Images\피락스 강화기.png
Images\Firax Empowerer2.png	Images\피락스 강화기2.png
Images\Firax Infusor2.png	Images\피락스 주입기2.png
Images\Firax Lounge2_old.png	Images\피락스 라운지2_old.png
Images\Firax Mutator2.png	Images\피락스 변이기2.png
Images\Fire.png	Images\불.png
Images\Fire2.png	Images\발사2.png
Images\Fire2.png	Images\불2.png
Images\Flames.png	Images\플레임s.png
Images\Flux Genes.png	Images\플럭스 유전자.png
Images\Flux Genes2.png	Images\유동 유전자2.png
Images\Flux Genes2.png	Images\플럭스 유전자2.png
Images\Furniture\Arcade\Arcade01.png	Images\Furniture\Arcade\오락실01.png
Images\Furniture\Arcade\Arcade012.png	Images\Furniture\Arcade\오락실012.png
Images\Furniture\Arcade\Arcade02.png	Images\Furniture\Arcade\오락실02.png
Images\Furniture\Arcade\Arcade022.png	Images\Furniture\Arcade\오락실022.png
Images\Furniture\Arcade\Arcade03.png	Images\Furniture\Arcade\오락실03.png
Images\Furniture\Arcade\Arcade032.png	Images\Furniture\Arcade\오락실032.png
Images\Furniture\Arcade\Arcade04.png	Images\Furniture\Arcade\오락실04.png
Images\Furniture\Arcade\Arcade042.png	Images\Furniture\Arcade\오락실042.png
Images\Furniture\Arcade\Arcade05.png	Images\Furniture\Arcade\오락실05.png
Images\Furniture\Arcade\Arcade052.png	Images\Furniture\Arcade\오락실052.png
Images\Furniture\Arcade\Arcade06.png	Images\Furniture\Arcade\오락실06.png
Images\Furniture\Arcade\Arcade062.png	Images\Furniture\Arcade\오락실062.png
Images\Furniture\Arcade\Arcade07.png	Images\Furniture\Arcade\오락실07.png
Images\Furniture\Arcade\Arcade072.png	Images\Furniture\Arcade\오락실072.png
Images\Furniture\Arcade\Arcade08.png	Images\Furniture\Arcade\오락실08.png
Images\Furniture\Arcade\Arcade082.png	Images\Furniture\Arcade\오락실082.png
Images\Furniture\Arcade\Arcade09.png	Images\Furniture\Arcade\오락실09.png
Images\Furniture\Arcade\Arcade092.png	Images\Furniture\Arcade\오락실092.png
Images\Furniture\Arcade\Arcade10.png	Images\Furniture\Arcade\오락실10.png
Images\Furniture\Arcade\Arcade102.png	Images\Furniture\Arcade\오락실102.png
Images\Furniture\Arcade\Arcade11.png	Images\Furniture\Arcade\오락실11.png
Images\Furniture\Arcade\Arcade112.png	Images\Furniture\Arcade\오락실112.png
Images\Furniture\Arcade\Arcade12.png	Images\Furniture\Arcade\오락실12.png
Images\Furniture\Arcade\Arcade122.png	Images\Furniture\Arcade\오락실122.png
Images\Furniture\Arcade\Arcade13.png	Images\Furniture\Arcade\오락실13.png
Images\Furniture\Arcade\Arcade132.png	Images\Furniture\Arcade\오락실132.png
Images\Furniture\F\Bed1.png	Images\Furniture\F\침대1.png
Images\Furniture\Junk Pile.png	Images\Furniture\잡동사니 더미.png
Images\Furniture\Junk Pile2.png	Images\Furniture\잡동사니 더미2.png
Images\Furniture\Mainframes\Mainframe1.png	Images\Furniture\Mainframes\메인프레임1.png
Images\Furniture\Mainframes\Mainframe12.png	Images\Furniture\Mainframes\메인프레임12.png
Images\Furniture\Mainframes\Mainframe2.png	Images\Furniture\Mainframes\메인프레임2.png
Images\Furniture\Mainframes\Mainframe22.png	Images\Furniture\Mainframes\메인프레임22.png
Images\Furniture\Mainframes\Mainframe3.png	Images\Furniture\Mainframes\메인프레임3.png
Images\Furniture\Mainframes\Mainframe32.png	Images\Furniture\Mainframes\메인프레임32.png
Images\Furniture\Mainframes\Mainframe4.png	Images\Furniture\Mainframes\메인프레임4.png
Images\Furniture\Mainframes\Mainframe42.png	Images\Furniture\Mainframes\메인프레임42.png
Images\Furniture\PushMachines\Circulatrix2.png	Images\Furniture\PushMachines\서큘라트릭스2.png
Images\Furniture\PushMachines\Ethereal Modulator2.png	Images\Furniture\PushMachines\에테르 변조기2.png
Images\Furniture\PushMachines\Gravitic Injector2.png	Images\Furniture\PushMachines\중력 주입기2.png
Images\Furniture\PushMachines\Inertial Conduit2.png	Images\Furniture\PushMachines\관성 도관2.png
Images\Furniture\PushMachines\Spin Cycler2.png	Images\Furniture\PushMachines\스핀 사이클러2.png
Images\Furniture\ShipSystems\Field Energizer.png	Images\Furniture\ShipSystems\필드 활성기.png
Images\Furniture\ShipSystems\Field Energizer2.png	Images\Furniture\ShipSystems\필드 에너자이저2.png
Images\Furniture\ShipSystems\Field Energizer2.png	Images\Furniture\ShipSystems\필드 활성기2.png
Images\Furniture\ShipSystems\Life Support2.png	Images\Furniture\ShipSystems\생명 유지 장치2.png
Images\Furniture\ShipSystems\Propulsion Feed.png	Images\Furniture\ShipSystems\추진 공급관.png
Images\Furniture\ShipSystems\Propulsion Feed2.png	Images\Furniture\ShipSystems\추진 공급관2.png
Images\Furniture\ShipSystems\Propulsion Feed2.png	Images\Furniture\ShipSystems\추진 공급기2.png
Images\Furniture\ShipSystems\Reaction Chamber2.png	Images\Furniture\ShipSystems\반응 챔버2.png
Images\Furniture\ShipSystems\Spatial Monitor.png	Images\Furniture\ShipSystems\공간 감시기.png
Images\Furniture\ShipSystems\Spatial Monitor2.png	Images\Furniture\ShipSystems\공간 감시기2.png
Images\Furniture\ShipSystems\Spatial Monitor2.png	Images\Furniture\ShipSystems\공간 모니터2.png
Images\Furniture\ShipSystems\Tactical Permutator2.png	Images\Furniture\ShipSystems\전술 순열기2.png
Images\Furniture\ShipSystems\Warp Pump2.png	Images\Furniture\ShipSystems\워프 펌프2.png
Images\Furniture\Various\Jammer2.png	Images\Furniture\Various\재머2.png
Images\Gadgets\Luminal Triode.png	Images\Gadgets\루미널 트라이오드.png
Images\Gadgets\Synchronic Press.png	Images\Gadgets\동기화 프레스.png
Images\Historical Relic.png	Images\역사 유물.png
Images\Holograms.png	Images\홀로그램s.png
Images\Icon_SMG1.png	Images\Icon_기관단총1.png
Images\Icon_SMG1l.png	Images\Icon_기관단총1l.png
Images\Incentive2.png	Images\동기 부여2.png
Images\Items Of Interest.png	Images\흥미로운 물건.png
Images\Junk Pile.png	Images\잡동사니 더미.png
Images\Junk Pile2.png	Images\잡동사니 더미2.png
Images\Lifeforms 2.png	Images\생명체 2.png
Images\Loot_Icon_Art.png	Images\Loot_Icon_미술품.png
Images\Loot_Icon_Art.png	Images\Loot_Icon_아트.png
Images\Loot_Icon_Bones.png	Images\Loot_Icon_뼈.png
Images\Loot_Icon_Food.png	Images\Loot_Icon_식량.png
Images\Loot_Icon_Medical.png	Images\Loot_Icon_의료용.png
Images\Loot_Icon_Medkit.png	Images\Loot_Icon_구급 키트.png
Images\Loot_Icon_Notes.png	Images\Loot_Icon_메모.png
Images\Loot_Icon_Officer1.png	Images\Loot_Icon_장교1.png
Images\Loot_Icon_Officer2.png	Images\Loot_Icon_장교2.png
Images\Loot_Icon_Officer4.png	Images\Loot_Icon_장교4.png
Images\Loot_Icon_Officer42.png	Images\Loot_Icon_장교42.png
Images\Loot_Icon_Uniform.png	Images\Loot_Icon_균일한.png
Images\Loot_Icon_Volatiles.png	Images\Loot_Icon_불안정한s.png
Images\Loot_Icon_metals.png	Images\Loot_Icon_금속s.png
Images\Menger-Mouth Enzyme.png	Images\멩거입 효소.png
Images\Metallicum Deposit.png	Images\메탈리쿰 매장지.png
Images\Mineral Sample2.png	Images\광물 샘플2.png
Images\Monsters\Banker Hater B.png	Images\Monsters\뱅커 혐오자 B.png
Images\Monsters\Criminal2.png	Images\Monsters\범죄자2.png
Images\Monsters\Draconic Gnasher C.png	Images\Monsters\용종 그내셔 C.png
Images\Monsters\Eagle2.png	Images\Monsters\독수리2.png
Images\Monsters\Firax1.png	Images\Monsters\피락스1.png
Images\Monsters\Firax12.png	Images\Monsters\피락스12.png
Images\Monsters\Firestarter2.png	Images\Monsters\방화범2.png
Images\Monsters\Gruff Troop Transport B.png	Images\Monsters\그러프 병력 수송선 B.png
Images\Monsters\Prisoner_Hiru.png	Images\Monsters\Prisoner_히루.png
Images\Monsters\Slime Mold B.png	Images\Monsters\점균 B.png
Images\Monsters\Withercling B.png	Images\Monsters\시듦덩굴 B.png
Images\Monsters\Xeno0a.png	Images\Monsters\제노0a.png
Images\Monsters\Xeno10a.png	Images\Monsters\제노10a.png
Images\Monsters\Xeno11a.png	Images\Monsters\제노11a.png
Images\Monsters\Xeno12a.png	Images\Monsters\제노12a.png
Images\Monsters\Xeno13a.png	Images\Monsters\제노13a.png
Images\Monsters\Xeno14a.png	Images\Monsters\제노14a.png
Images\Monsters\Xeno15a.png	Images\Monsters\제노15a.png
Images\Monsters\Xeno1a.png	Images\Monsters\제노1a.png
Images\Monsters\Xeno2a.png	Images\Monsters\제노2a.png
Images\Monsters\Xeno3a.png	Images\Monsters\제노3a.png
Images\Monsters\Xeno4a.png	Images\Monsters\제노4a.png
Images\Monsters\Xeno5a.png	Images\Monsters\제노5a.png
Images\Monsters\Xeno6a.png	Images\Monsters\제노6a.png
Images\Monsters\Xeno7a.png	Images\Monsters\제노7a.png
Images\Monsters\Xeno8a.png	Images\Monsters\제노8a.png
Images\Monsters\Xeno9a.png	Images\Monsters\제노9a.png
Images\Monsters\eaters1.png	Images\Monsters\이터1.png
Images\Monsters\eaters12.png	Images\Monsters\이터12.png
Images\Monsters\monks2.png	Images\Monsters\수도승2.png
Images\Mutant Lifeforms.png	Images\돌연변이 생명체.png
Images\Mysterious Package B.png	Images\수상한 소포 B.png
Images\Mysterious Package B2.png	Images\수상한 소포 B2.png
Images\Mysterious Package2.png	Images\수수께끼의 소포2.png
Images\Nano-Planet2.png	Images\나노 행성2.png
Images\Nano-Structure2.png	Images\나노 구조체2.png
Images\Nanostructures.png	Images\나노 구조체s.png
Images\Nebula OLD.png	Images\성운 OLD.png
Images\Nutrition Cubes.png	Images\영양 큐브.png
Images\Oxy-Algae.png	Images\산소 조류.png
Images\Oxygen Tanks.png	Images\산소 탱크.png
Images\Planets\Nano-Planet2.png	Images\Planets\나노 행성2.png
Images\Poof1.png	Images\펑1.png
Images\Poof2.png	Images\펑2.png
Images\Poof3.png	Images\펑3.png
Images\Poof4.png	Images\펑4.png
Images\Poof5.png	Images\펑5.png
Images\Poof6.png	Images\펑6.png
Images\Poof7.png	Images\펑7.png
Images\Poof8.png	Images\펑8.png
Images\Powercell.png	Images\동력 전지.png
Images\Prisoner_Grozde.png	Images\Prisoner_그로즈데.png
Images\Prisoner_Hiru.png	Images\Prisoner_히루.png
Images\Prisoner_Merc.png	Images\Prisoner_신디케이트 함선을 하나 파괴할 때마다 레벨당 $5.png
Images\Prisoner_Narod.png	Images\Prisoner_나로드.png
Images\Prisoner_Pirate.png	Images\Prisoner_해적.png
Images\Prisoner_Trondro.png	Images\Prisoner_트론드로.png
Images\Prisoner_Yata.png	Images\Prisoner_야타.png
Images\Prisoner_Zasquat.png	Images\Prisoner_자스쿼트.png
Images\Purple Button.png	Images\보라 버튼.png
Images\Purple Button2.png	Images\보라 버튼2.png
Images\RIP\Ohrex\level1.png	Images\RIP\Ohrex\레벨1.png
Images\RIP\Ohrex\level2.png	Images\RIP\Ohrex\레벨2.png
Images\RIP\Ohrex\level3.png	Images\RIP\Ohrex\레벨3.png
Images\RIP\Ohrex\level4.png	Images\RIP\Ohrex\레벨4.png
Images\RIP\Ohrex\level5.png	Images\RIP\Ohrex\레벨5.png
Images\RIP\Ohrex\level6.png	Images\RIP\Ohrex\레벨6.png
Images\RIP\Ohrex\level7.png	Images\RIP\Ohrex\레벨7.png
Images\Radiation Belt.png	Images\방사능 벨트.png
Images\Radiation Belt2.png	Images\방사능 벨트2.png
Images\Radiation Belt2B.png	Images\방사능 벨트2B.png
Images\Ranged\Ranged_SMG_Set1.png	Images\Ranged\Ranged_기관단총_Set1.png
Images\Ranged\Ranged_SMG_Set10.png	Images\Ranged\Ranged_기관단총_Set10.png
Images\Ranged\Ranged_SMG_Set10L.png	Images\Ranged\Ranged_기관단총_Set10L.png
Images\Ranged\Ranged_SMG_Set1L.png	Images\Ranged\Ranged_기관단총_Set1L.png
Images\Ranged\Ranged_SMG_Set2.png	Images\Ranged\Ranged_기관단총_Set2.png
Images\Ranged\Ranged_SMG_Set2L.png	Images\Ranged\Ranged_기관단총_Set2L.png
Images\Ranged\Ranged_SMG_Set3.png	Images\Ranged\Ranged_기관단총_Set3.png
Images\Ranged\Ranged_SMG_Set3L.png	Images\Ranged\Ranged_기관단총_Set3L.png
Images\Ranged\Ranged_SMG_Set4.png	Images\Ranged\Ranged_기관단총_Set4.png
Images\Ranged\Ranged_SMG_Set4L.png	Images\Ranged\Ranged_기관단총_Set4L.png
Images\Ranged\Ranged_SMG_Set5.png	Images\Ranged\Ranged_기관단총_Set5.png
Images\Ranged\Ranged_SMG_Set5L.png	Images\Ranged\Ranged_기관단총_Set5L.png
Images\Ranged\Ranged_SMG_Set6.png	Images\Ranged\Ranged_기관단총_Set6.png
Images\Ranged\Ranged_SMG_Set6L.png	Images\Ranged\Ranged_기관단총_Set6L.png
Images\Ranged\Ranged_SMG_Set7.png	Images\Ranged\Ranged_기관단총_Set7.png
Images\Ranged\Ranged_SMG_Set7L.png	Images\Ranged\Ranged_기관단총_Set7L.png
Images\Ranged\Ranged_SMG_Set8.png	Images\Ranged\Ranged_기관단총_Set8.png
Images\Ranged\Ranged_SMG_Set8L.png	Images\Ranged\Ranged_기관단총_Set8L.png
Images\Ranged\Ranged_SMG_Set9.png	Images\Ranged\Ranged_기관단총_Set9.png
Images\Ranged\Ranged_SMG_Set9L.png	Images\Ranged\Ranged_기관단총_Set9L.png
Images\Rare Part Box.png	Images\희귀 부품 상자.png
Images\Raw Ore2.png	Images\원광석2.png
Images\Raw Ore22.png	Images\원광석22.png
Images\Recent Shipwreck OLD.png	Images\최근 난파선 OLD.png
Images\Repair Terminal2.png	Images\수리 단말기2.png
Images\Ruins.png	Images\폐허s.png
Images\Sector 50 Energy Q2.png	Images\섹터 50 에너지 Q2.png
Images\Shipwreck_Casino.png	Images\Shipwreck_카지노.png
Images\Shipwreck_Corsair.png	Images\Shipwreck_코르세어.png
Images\Shipwreck_Counselor.png	Images\Shipwreck_카운슬러.png
Images\Shipwreck_Cruiser.png	Images\Shipwreck_순양함.png
Images\Shipwreck_Dealer.png	Images\Shipwreck_딜러.png
Images\Shipwreck_Destroyer.png	Images\Shipwreck_구축함.png
Images\Shipwreck_Explorer.png	Images\Shipwreck_익스플로러.png
Images\Shipwreck_Hauler.png	Images\Shipwreck_수송선.png
Images\Shipwreck_Miner.png	Images\Shipwreck_광부.png
Images\Shipwreck_Negotiator.png	Images\Shipwreck_협상가.png
Images\Shipwreck_Observer.png	Images\Shipwreck_관측선.png
Images\Shipwreck_Pirate.png	Images\Shipwreck_해적.png
Images\Shipwreck_Pugilist.png	Images\Shipwreck_투사.png
Images\Shipwreck_Ravager.png	Images\Shipwreck_래비저.png
Images\Shipwreck_Scout.png	Images\Shipwreck_정찰병.png
Images\Shipwreck_Sentinel.png	Images\Shipwreck_센티넬.png
Images\Shipwreck_Sil.png	Images\Shipwreck_실.png
Images\Shipwreck_Trader.png	Images\Shipwreck_무역선.png
Images\Shipwreck_Wanderer.png	Images\Shipwreck_방랑자.png
Images\Shipwreck_Yacht.png	Images\Shipwreck_요트.png
Images\Shuttle Temp.png	Images\셔틀 Temp.png
Images\SkillIcons\Skill_Energize_36.png	Images\SkillIcons\Skill_에너지 충전_36.png
Images\SkillIcons\Skill_Energize_72.png	Images\SkillIcons\Skill_에너지 충전_72.png
Images\SkillIcons\Skill_Haste_36.png	Images\SkillIcons\Skill_신속_36.png
Images\SkillIcons\Skill_Haste_72.png	Images\SkillIcons\Skill_신속_72.png
Images\SkillIcons\Skill_Repair_36.png	Images\SkillIcons\Skill_수리_36.png
Images\SkillIcons\Skill_Repair_72.png	Images\SkillIcons\Skill_수리_72.png
Images\Skill_Intimidate.png	Images\Skill_위협.png
Images\Skill_Off.png	Images\Skill_끔.png
Images\Snow.png	Images\설원.png
Images\Spatial Anomaly.png	Images\공간 이상 현상.png
Images\Spore Cloud.png	Images\포자 구름.png
Images\Spore Cloud2.png	Images\포자 구름2.png
Images\Stasis Cube 1.png	Images\정지 큐브 1.png
Images\Suits\Suit_Spd1.png	Images\Suits\Suit_속도1.png
Images\Suits\Suit_Spd2.png	Images\Suits\Suit_속도2.png
Images\Suits\Suit_Spd3.png	Images\Suits\Suit_속도3.png
Images\Suits\Suit_Spd4.png	Images\Suits\Suit_속도4.png
Images\Suits\Suit_Spd5.png	Images\Suits\Suit_속도5.png
Images\Suits\Suit_Spd6.png	Images\Suits\Suit_속도6.png
Images\Suits\Suit_Spd7.png	Images\Suits\Suit_속도7.png
Images\Suits\Suit_Spd8.png	Images\Suits\Suit_속도8.png
Images\Suits\Suit_Spd9.png	Images\Suits\Suit_속도9.png
Images\Summon1.png	Images\소환1.png
Images\Summon2.png	Images\소환2.png
Images\Summon3.png	Images\소환3.png
Images\The Plague\Blight Corpse.png	Images\The Plague\블라이트 시체.png
Images\The Plague\Blighted Blood.png	Images\The Plague\블라이트에 오염된 피.png
Images\The Plague\Corrupted DNA.png	Images\The Plague\오염된 DNA.png
Images\The Plague\Corrupted DNA2.png	Images\The Plague\오염된 DNA2.png
Images\The Plague\Fragment.png	Images\The Plague\파편.png
Images\Tombstone.png	Images\툼스톤.png
Images\Transit Tube Down.png	Images\이동 튜브 (아래).png
Images\Transit Tube Down2.png	Images\이동 튜브 (아래)2.png
Images\Transit Tube Up.png	Images\이동 튜브 (위).png
Images\Transit Tube Up2.png	Images\이동 튜브 (위)2.png
Images\Unifier Hall2_old.png	Images\유니파이어 회관2_old.png
Images\Unique Mineral B.png	Images\독특한 광물 B.png
Images\Unique Mineral C.png	Images\독특한 광물 C.png
Images\Unique Mineral.png	Images\독특한 광물.png
Images\Veggie Burger.png	Images\채식 버거.png
Images\Victory1.png	Images\빅토리1.png
Images\Victory1.png	Images\승리1.png
Images\Vix\Victory1.png	Images\Vix\빅토리1.png
Images\Vix\Victory1.png	Images\Vix\승리1.png
Images\Volatiles.png	Images\불안정한s.png
Images\Warp Anchor.png	Images\워프 닻.png
Images\White Data.png	Images\흰색 데이터.png
Images\White Energy.png	Images\흰색 에너지.png
Images\Xeno\Xeno0a.png	Images\Xeno\제노0a.png
Images\Xeno\Xeno10a.png	Images\Xeno\제노10a.png
Images\Xeno\Xeno11a.png	Images\Xeno\제노11a.png
Images\Xeno\Xeno12a.png	Images\Xeno\제노12a.png
Images\Xeno\Xeno13a.png	Images\Xeno\제노13a.png
Images\Xeno\Xeno14a.png	Images\Xeno\제노14a.png
Images\Xeno\Xeno15a.png	Images\Xeno\제노15a.png
Images\Xeno\Xeno1a.png	Images\Xeno\제노1a.png
Images\Xeno\Xeno2a.png	Images\Xeno\제노2a.png
Images\Xeno\Xeno3a.png	Images\Xeno\제노3a.png
Images\Xeno\Xeno4a.png	Images\Xeno\제노4a.png
Images\Xeno\Xeno5a.png	Images\Xeno\제노5a.png
Images\Xeno\Xeno6a.png	Images\Xeno\제노6a.png
Images\Xeno\Xeno7a.png	Images\Xeno\제노7a.png
Images\Xeno\Xeno8a.png	Images\Xeno\제노8a.png
Images\Xeno\Xeno9a.png	Images\Xeno\제노9a.png
Images\YES.png	Images\그래.png
Images\Yellow Button.png	Images\노란 버튼.png
Images\Yellow Button2.png	Images\노란 버튼2.png
Images\blackout 24.png	Images\정전 24.png
Images\webbing.png	Images\거미줄.png
Images\webbing7.png	Images\거미줄7.png
Images\SkillIcons\ShipSkill_ShieldsUp!_36.png	Images\SkillIcons\ShipSkill_보호막가동!_36.png
Images\SkillIcons\ShipSkill_ShieldsUp!_72.png	Images\SkillIcons\ShipSkill_보호막가동!_72.png
Images\Monsters\Hyper-Chicken.png	Images\Monsters\하이퍼 치킨.png
Images\Monsters\Hyper-Chicken2.png	Images\Monsters\하이퍼 치킨2.png
Images\Monsters\Hyper-Chicken_boss.png	Images\Monsters\하이퍼 치킨_boss.png
Images\Monsters\Hyper-Chicken_boss2.png	Images\Monsters\하이퍼 치킨_boss2.png
Images\Monsters\Hypno-Flower.png	Images\Monsters\최면꽃.png
Images\Monsters\Drift-Strider.png	Images\Monsters\드리프트 스트라이더.png
Images\Monsters\Drift-Strider2.png	Images\Monsters\드리프트 스트라이더2.png
Images\Monsters\Drift-Strider_Boss.png	Images\Monsters\드리프트 스트라이더_boss.png
Images\Monsters\Drift-Strider_Boss2.png	Images\Monsters\드리프트 스트라이더_boss2.png
Images\Monsters\Mega-Swarm.png	Images\Monsters\메가 떼.png
Images\Monsters\Mega-Swarm2.png	Images\Monsters\메가 떼2.png
Images\Monsters\Mega-Swarm_Boss.png	Images\Monsters\메가 떼_boss.png
Images\Monsters\Mega-Swarm_Boss2.png	Images\Monsters\메가 떼_boss2.png
Images\Monsters\Gamma-Shrimp.png	Images\Monsters\감마 새우.png
Images\Monsters\Gamma-Shrimp2.png	Images\Monsters\감마 새우2.png
Images\Monsters\Gamma-Shrimp_Boss.png	Images\Monsters\감마 새우_boss.png
Images\Monsters\Gamma-Shrimp_Boss2.png	Images\Monsters\감마 새우_boss2.png
Images\Monsters\Terror-Dancer.png	Images\Monsters\공포의 무희.png
Images\Monsters\Terror-Dancer2.png	Images\Monsters\공포의 무희2.png
Images\Monsters\Terror-Dancer_Boss.png	Images\Monsters\공포의 무희_boss.png
Images\Monsters\Terror-Dancer_Boss2.png	Images\Monsters\공포의 무희_boss2.png
Images\DeviceIcons\Device_Exo-Armor.png	Images\DeviceIcons\Device_외골격 장갑.png
Images\DeviceIcons\Device_Multi-tool.png	Images\DeviceIcons\Device_멀티툴.png
Images\DeviceIcons\Device_MonsteRelax™.png	Images\DeviceIcons\Device_몬스터릴렉스™.png
Images\SkillIcons\Skill_Power-Leap_36.png	Images\SkillIcons\Skill_파워도약_36.png
Images\SkillIcons\Skill_Power-Leap_72.png	Images\SkillIcons\Skill_파워도약_72.png
